ID, cap shape, cap surface, cap color
1,x,s,n
2,x,s,y
3,b,s,w
4,x,y,w
5,x,s,g
6,x,y,y
7,b,s,w
8,b,y,w
9,x,y,w
10,b,s,y
11,x,y,y
12,x,y,y
13,b,s,y
14,x,y,w
15,x,f,n
16,s,f,g
17,f,f,w
18,x,s,n
19,x,y,w
20,x,s,n
21,b,s,y
22,x,y,n
23,b,y,y
24,b,y,w
25,b,s,w
26,f,s,w
27,x,y,y
28,x,y,w
29,f,f,n
30,x,s,y
31,b,s,y
32,x,y,w
33,x,y,y
34,x,y,n
35,b,y,y
36,x,f,y
37,s,f,g
38,x,y,n
39,x,f,y
40,b,s,y
41,b,y,y
42,x,y,y
43,x,f,n
44,x,y,w
45,x,s,y
46,x,y,w
47,x,y,y
48,x,s,w
49,x,y,y
50,f,y,y
51,x,y,n
52,x,s,w
53,b,s,w
54,x,y,n
55,x,s,w
56,b,y,y
57,f,f,g
58,b,s,w
59,x,s,y
60,x,y,n
61,s,f,g
62,b,y,y
63,b,s,y
64,b,y,y
65,b,y,w
66,f,s,n
67,x,s,w
68,f,y,y
69,x,y,y
70,x,f,g
71,f,f,y
72,b,y,w
73,f,f,y
74,x,y,n
75,b,s,y
76,f,s,y
77,x,s,w
78,f,y,n
79,x,y,n
80,f,y,n
81,x,s,n
82,x,y,w
83,f,f,g
84,x,f,g
85,x,y,y
86,x,s,n
87,b,s,w
88,x,s,w
89,f,y,n
90,s,f,n
91,x,f,n
92,b,s,w
93,x,y,y
94,x,y,y
95,x,s,n
96,x,s,w
97,f,y,n
98,x,s,y
99,b,s,w
100,x,y,w
101,x,f,n
102,b,s,y
103,f,y,y
104,x,y,y
105,b,y,w
106,x,y,y
107,x,y,y
108,b,y,w
109,b,y,w
110,x,s,y
111,x,s,y
112,s,f,g
113,x,f,w
114,x,s,y
115,x,y,w
116,x,y,y
117,s,f,g
118,x,y,y
119,x,s,y
120,s,f,n
121,x,s,w
122,x,y,w
123,f,y,n
124,f,s,g
125,x,s,y
126,x,s,w
127,b,s,y
128,f,f,g
129,x,s,w
130,b,s,w
131,b,s,w
132,b,y,w
133,f,s,w
134,x,y,y
135,f,s,w
136,x,y,w
137,f,f,w
138,x,y,y
139,x,s,n
140,b,s,y
141,x,y,n
142,b,y,y
143,s,f,n
144,f,y,n
145,x,y,y
146,x,f,g
147,f,f,w
148,x,y,y
149,b,s,y
150,b,y,w
151,x,y,w
152,x,s,n
153,x,y,w
154,s,f,n
155,x,s,w
156,x,y,n
157,b,y,y
158,x,y,w
159,b,y,w
160,b,s,y
161,b,s,y
162,b,y,y
163,x,f,n
164,f,y,n
165,x,y,w
166,f,y,y
167,b,s,w
168,b,s,w
169,x,y,n
170,b,s,w
171,x,f,g
172,b,s,y
173,x,f,y
174,b,y,y
175,f,y,y
176,b,y,w
177,b,y,w
178,b,y,y
179,x,y,y
180,b,s,y
181,x,y,w
182,s,f,n
183,f,f,n
184,x,s,y
185,f,y,n
186,x,y,w
187,b,s,w
188,f,f,g
189,b,y,y
190,x,y,n
191,x,f,w
192,x,s,w
193,b,s,w
194,f,s,y
195,x,s,y
196,f,f,g
197,b,s,y
198,x,s,w
199,x,y,w
200,f,s,w
201,x,y,y
202,b,s,w
203,x,s,w
204,x,f,w
205,f,y,n
206,x,s,w
207,b,s,w
208,b,s,w
209,b,y,w
210,b,y,w
211,x,s,y
212,b,s,w
213,x,f,y
214,x,f,g
215,f,y,y
216,b,s,w
217,x,s,y
218,x,y,y
219,x,y,w
220,s,f,g
221,x,s,w
222,x,s,w
223,x,y,y
224,f,f,w
225,x,y,w
226,b,y,w
227,x,s,w
228,x,s,y
229,x,y,n
230,b,s,y
231,x,f,g
232,x,y,w
233,x,y,y
234,f,f,n
235,b,s,w
236,x,f,w
237,x,y,w
238,b,y,y
239,x,y,y
240,f,y,y
241,f,y,y
242,x,s,w
243,x,s,w
244,x,s,w
245,f,f,w
246,x,s,w
247,x,s,w
248,x,y,w
249,f,y,y
250,x,s,n
251,f,y,y
252,x,s,n
253,s,f,n
254,b,y,y
255,b,s,w
256,b,y,w
257,f,f,n
258,x,s,w
259,b,y,w
260,b,y,w
261,f,y,n
262,x,y,w
263,x,s,w
264,x,y,w
265,f,f,w
266,f,f,g
267,f,s,g
268,x,y,y
269,b,s,w
270,f,y,n
271,x,s,w
272,f,s,n
273,x,y,w
274,x,y,y
275,f,y,y
276,x,y,n
277,f,y,n
278,x,y,w
279,f,f,n
280,x,s,y
281,x,y,w
282,b,y,y
283,s,f,n
284,x,s,y
285,b,y,w
286,f,y,n
287,b,y,y
288,b,y,w
289,x,y,n
290,f,f,g
291,x,f,g
292,b,y,y
293,x,s,y
294,b,y,w
295,x,s,w
296,b,s,y
297,x,s,y
298,x,f,g
299,f,s,y
300,x,y,w
301,x,f,w
302,b,y,w
303,x,s,y
304,b,y,w
305,x,y,w
306,x,f,n
307,b,y,w
308,x,s,y
309,f,y,n
310,x,f,w
311,x,s,y
312,x,y,w
313,x,y,y
314,x,f,w
315,b,s,y
316,x,y,w
317,x,s,y
318,x,y,w
319,x,f,w
320,f,s,w
321,x,y,y
322,f,f,y
323,x,s,w
324,b,y,y
325,x,y,n
326,b,y,w
327,x,s,y
328,x,y,n
329,b,s,y
330,b,y,w
331,x,y,n
332,b,s,w
333,b,y,y
334,b,y,y
335,x,y,w
336,x,f,n
337,x,y,n
338,b,s,y
339,x,f,g
340,x,y,n
341,x,s,w
342,b,y,w
343,x,s,y
344,f,f,y
345,b,y,y
346,x,f,n
347,x,f,y
348,x,s,y
349,f,s,g
350,x,f,n
351,f,s,g
352,f,y,n
353,b,y,w
354,b,s,y
355,x,y,y
356,s,f,g
357,f,y,n
358,x,y,n
359,x,y,y
360,x,y,y
361,x,f,n
362,x,f,n
363,f,s,n
364,f,y,n
365,x,s,y
366,f,f,n
367,x,y,y
368,x,f,y
369,b,y,y
370,x,f,g
371,x,y,y
372,f,y,n
373,x,s,y
374,s,f,n
375,x,s,w
376,b,s,w
377,s,f,n
378,b,y,y
379,x,y,y
380,b,y,y
381,x,y,n
382,x,s,w
383,x,y,w
384,b,s,w
385,x,f,n
386,x,s,n
387,x,y,n
388,x,s,n
389,b,y,y
390,x,s,y
391,b,s,y
392,x,s,y
393,b,y,w
394,x,f,g
395,f,y,n
396,x,f,g
397,x,s,w
398,x,y,y
399,x,f,g
400,x,s,n
401,b,y,w
402,b,y,w
403,x,y,n
404,b,s,y
405,x,s,w
406,x,y,y
407,b,y,y
408,x,s,w
409,x,s,w
410,x,y,n
411,x,s,w
412,x,s,n
413,x,y,n
414,x,y,y
415,x,y,n
416,b,y,y
417,x,f,w
418,x,s,n
419,x,y,y
420,f,f,g
421,x,y,w
422,b,y,w
423,x,y,n
424,f,y,n
425,x,s,w
426,x,s,w
427,f,y,n
428,b,s,w
429,x,s,w
430,f,f,g
431,x,y,w
432,x,y,y
433,b,s,y
434,b,s,y
435,f,s,w
436,b,s,w
437,x,f,y
438,x,y,w
439,b,y,y
440,x,y,n
441,x,y,w
442,x,y,w
443,x,y,y
444,x,y,w
445,x,s,y
446,x,y,n
447,x,s,w
448,f,y,n
449,b,s,w
450,x,f,n
451,x,y,w
452,b,s,w
453,b,s,y
454,x,f,y
455,b,s,w
456,x,s,g
457,b,s,w
458,b,s,y
459,f,y,y
460,f,y,n
461,x,s,w
462,f,y,y
463,b,s,w
464,x,y,y
465,x,f,n
466,f,y,n
467,x,s,w
468,x,s,y
469,b,y,y
470,f,y,y
471,x,y,y
472,x,y,w
473,f,f,w
474,s,f,g
475,f,s,y
476,f,f,g
477,x,f,n
478,b,y,w
479,x,s,w
480,b,y,y
481,b,y,y
482,b,y,y
483,f,s,w
484,f,f,g
485,f,s,w
486,f,y,y
487,x,y,w
488,s,f,n
489,x,y,n
490,x,y,n
491,f,f,y
492,f,s,n
493,x,s,n
494,f,y,n
495,x,y,y
496,b,s,y
497,f,f,w
498,f,y,n
499,x,y,w
500,b,s,y
501,x,s,y
502,b,y,y
503,x,s,w
504,b,s,y
505,b,y,y
506,x,s,n
507,x,s,g
508,f,s,n
509,x,f,w
510,f,f,g
511,f,f,n
512,b,y,y
513,x,f,w
514,s,f,g
515,x,f,n
516,x,f,w
517,x,y,n
518,b,s,y
519,x,y,w
520,x,y,y
521,x,s,w
522,b,s,w
523,f,y,y
524,x,s,n
525,f,f,g
526,b,s,y
527,f,y,n
528,x,s,y
529,x,f,n
530,f,y,y
531,x,y,n
532,x,s,w
533,x,y,w
534,f,y,n
535,f,s,n
536,x,f,w
537,b,y,w
538,s,f,n
539,x,y,y
540,f,s,w
541,x,s,y
542,f,f,g
543,x,y,w
544,x,y,y
545,f,f,n
546,x,s,w
547,b,y,y
548,f,f,g
549,x,f,y
550,x,s,y
551,f,f,n
552,x,f,g
553,x,y,y
554,f,s,w
555,x,s,y
556,f,y,y
557,x,y,n
558,x,f,w
559,x,s,w
560,x,y,y
561,b,s,y
562,x,s,y
563,x,s,y
564,x,f,w
565,b,s,w
566,x,y,w
567,x,y,y
568,f,s,g
569,x,s,n
570,b,y,w
571,x,s,w
572,f,f,y
573,x,s,y
574,b,y,w
575,x,y,n
576,x,s,y
577,x,f,n
578,x,s,y
579,x,y,y
580,x,s,n
581,x,s,w
582,x,s,y
583,x,y,w
584,x,y,y
585,f,y,y
586,x,y,w
587,s,f,g
588,f,f,n
589,s,f,g
590,x,y,w
591,x,s,w
592,x,s,g
593,x,y,y
594,x,y,w
595,x,s,y
596,x,s,n
597,b,s,y
598,b,y,w
599,x,y,w
600,x,s,n
601,x,s,g
602,x,y,n
603,f,f,w
604,f,y,n
605,b,y,w
606,b,s,w
607,x,s,g
608,f,y,n
609,x,s,w
610,f,f,g
611,f,s,n
612,x,f,g
613,f,s,w
614,x,s,w
615,x,y,y
616,b,s,w
617,f,f,g
618,b,y,w
619,b,s,y
620,s,f,g
621,f,y,y
622,b,s,w
623,x,f,w
624,f,y,y
625,f,f,g
626,x,s,w
627,f,f,y
628,s,f,g
629,b,y,w
630,b,s,w
631,f,f,n
632,b,y,y
633,x,f,n
634,x,y,n
635,x,y,n
636,b,y,y
637,f,y,y
638,x,y,y
639,x,s,n
640,x,y,w
641,b,y,y
642,x,y,n
643,f,y,n
644,f,y,n
645,f,y,y
646,x,s,y
647,b,y,w
648,b,s,w
649,x,y,y
650,f,f,w
651,x,s,y
652,b,s,y
653,f,y,y
654,x,y,n
655,x,y,w
656,x,s,y
657,f,f,w
658,b,s,y
659,x,y,y
660,f,f,g
661,b,s,w
662,x,s,w
663,x,y,n
664,x,s,n
665,b,s,w
666,b,s,y
667,f,y,n
668,x,y,y
669,f,y,y
670,x,y,w
671,x,s,y
672,f,f,n
673,f,f,n
674,x,f,y
675,f,y,y
676,f,f,n
677,f,f,g
678,x,y,n
679,x,y,y
680,b,s,w
681,x,s,w
682,x,y,w
683,x,f,y
684,b,s,y
685,x,f,n
686,x,y,w
687,f,f,g
688,b,y,w
689,x,y,y
690,x,s,w
691,b,s,y
692,b,y,w
693,x,y,n
694,f,s,g
695,x,y,n
696,b,y,w
697,b,s,y
698,x,y,n
699,x,s,n
700,f,s,n
701,x,s,n
702,f,f,g
703,x,y,y
704,b,y,w
705,f,y,y
706,f,y,y
707,b,y,y
708,s,f,n
709,x,s,w
710,b,y,y
711,f,y,y
712,f,s,n
713,x,s,w
714,b,y,y
715,b,y,y
716,b,y,y
717,b,s,w
718,x,y,y
719,x,y,n
720,s,f,n
721,f,y,n
722,x,s,w
723,f,s,y
724,x,s,n
725,f,y,y
726,x,y,n
727,x,s,w
728,x,f,w
729,b,s,w
730,x,y,w
731,f,y,y
732,x,f,n
733,x,s,w
734,x,y,w
735,x,y,w
736,b,y,w
737,x,f,w
738,x,y,w
739,x,s,w
740,x,f,g
741,x,f,n
742,b,s,w
743,x,y,n
744,b,y,w
745,f,y,y
746,x,y,w
747,b,y,w
748,b,y,w
749,x,s,n
750,f,s,y
751,x,y,n
752,b,s,y
753,f,s,w
754,b,y,y
755,b,y,y
756,b,s,y
757,f,y,y
758,x,s,w
759,b,y,y
760,x,y,n
761,b,s,w
762,f,y,n
763,x,s,w
764,x,f,n
765,x,y,n
766,f,f,g
767,x,s,w
768,f,f,n
769,b,y,y
770,b,s,w
771,x,s,w
772,b,s,y
773,x,y,y
774,x,s,y
775,f,f,g
776,x,y,y
777,x,y,n
778,x,y,n
779,x,s,y
780,b,y,w
781,x,y,y
782,s,f,n
783,b,y,y
784,x,s,w
785,x,s,w
786,x,s,n
787,x,f,n
788,x,y,y
789,x,y,n
790,x,y,y
791,b,y,y
792,f,y,n
793,x,y,w
794,x,s,y
795,x,y,n
796,x,y,n
797,b,y,y
798,x,s,w
799,x,s,w
800,x,y,n
801,b,s,w
802,x,y,y
803,x,s,n
804,b,y,y
805,b,y,w
806,f,y,y
807,b,y,w
808,x,y,y
809,b,s,y
810,x,s,y
811,b,s,y
812,b,s,y
813,x,y,w
814,x,y,w
815,x,s,n
816,x,s,w
817,x,y,n
818,x,y,y
819,x,s,w
820,b,y,w
821,b,s,y
822,x,f,g
823,b,s,y
824,x,s,w
825,x,y,n
826,x,y,y
827,f,f,w
828,f,f,w
829,x,s,w
830,f,s,y
831,s,f,g
832,f,f,y
833,x,y,n
834,x,y,y
835,x,y,y
836,x,s,n
837,x,s,y
838,x,y,w
839,x,y,y
840,x,y,w
841,f,s,y
842,x,y,n
843,b,s,w
844,s,f,g
845,x,s,y
846,x,f,g
847,x,y,y
848,b,y,w
849,b,s,y
850,x,s,w
851,b,s,w
852,f,y,n
853,s,f,g
854,x,f,w
855,s,f,n
856,f,y,n
857,f,s,y
858,b,s,y
859,b,s,y
860,x,s,n
861,f,y,n
862,x,s,y
863,f,y,y
864,x,y,w
865,x,y,y
866,x,y,y
867,f,f,n
868,f,y,y
869,x,f,g
870,x,s,y
871,f,y,n
872,x,s,y
873,x,y,y
874,x,f,n
875,x,s,w
876,x,y,y
877,x,y,w
878,x,s,w
879,f,y,y
880,b,s,y
881,f,f,w
882,f,s,g
883,x,y,w
884,x,y,w
885,f,y,y
886,x,s,w
887,x,s,y
888,f,y,y
889,x,y,y
890,x,s,y
891,x,f,n
892,f,y,y
893,x,s,w
894,b,s,y
895,x,s,y
896,x,y,n
897,b,y,y
898,x,s,w
899,x,y,w
900,x,s,y
901,f,y,y
902,x,f,w
903,x,s,n
904,x,s,w
905,x,s,y
906,f,f,w
907,f,s,n
908,x,f,g
909,f,y,n
910,x,s,n
911,b,s,w
912,x,f,g
913,x,s,w
914,f,f,g
915,x,s,g
916,x,s,w
917,x,s,w
918,x,y,g
919,f,f,n
920,x,s,w
921,f,f,n
922,x,s,n
923,x,y,y
924,x,s,y
925,f,f,w
926,x,s,n
927,x,s,g
928,x,y,n
929,x,f,g
930,b,s,w
931,x,s,g
932,f,f,g
933,f,s,n
934,x,s,y
935,x,f,n
936,f,s,w
937,x,y,y
938,x,f,n
939,f,s,g
940,x,y,e
941,b,y,y
942,x,f,w
943,x,s,w
944,x,f,g
945,f,f,g
946,f,f,n
947,f,f,w
948,b,y,w
949,f,f,n
950,f,y,n
951,x,y,w
952,b,s,y
953,f,s,g
954,x,f,g
955,f,f,n
956,b,s,w
957,x,s,w
958,x,y,n
959,f,f,w
960,x,y,y
961,x,f,n
962,f,f,w
963,x,f,n
964,x,f,n
965,f,s,g
966,f,s,g
967,f,s,n
968,x,f,n
969,x,s,n
970,x,f,w
971,f,f,n
972,x,f,n
973,f,f,n
974,x,f,g
975,f,f,n
976,x,s,g
977,b,y,w
978,x,f,n
979,x,y,y
980,f,f,g
981,f,f,n
982,x,s,y
983,f,f,g
984,x,f,n
985,x,s,w
986,x,f,w
987,f,f,w
988,x,s,w
989,x,s,g
990,x,y,y
991,x,s,y
992,x,s,g
993,x,s,n
994,f,f,n
995,f,s,w
996,f,s,w
997,x,y,y
998,f,s,w
999,b,s,w
1000,f,y,w
1001,x,f,g
1002,f,y,n
1003,f,s,n
1004,x,s,w
1005,x,y,n
1006,x,s,g
1007,x,s,w
1008,f,f,w
1009,x,f,n
1010,x,s,w
1011,x,y,w
1012,x,s,w
1013,f,y,y
1014,f,s,n
1015,f,f,g
1016,f,f,y
1017,f,y,n
1018,x,f,n
1019,f,s,n
1020,x,f,n
1021,f,f,n
1022,b,s,y
1023,b,y,w
1024,x,y,w
1025,f,y,w
1026,f,y,w
1027,x,f,n
1028,f,s,y
1029,x,y,y
1030,x,s,w
1031,x,f,g
1032,x,y,n
1033,x,f,g
1034,f,f,n
1035,x,s,w
1036,f,f,w
1037,x,y,y
1038,f,f,y
1039,x,f,g
1040,x,s,n
1041,x,y,y
1042,f,y,n
1043,x,f,w
1044,x,y,n
1045,x,s,g
1046,x,s,w
1047,x,f,g
1048,f,y,n
1049,x,f,n
1050,x,f,g
1051,x,f,e
1052,x,f,n
1053,x,f,g
1054,x,y,y
1055,x,f,n
1056,b,s,y
1057,x,f,w
1058,f,s,g
1059,x,y,y
1060,x,f,n
1061,f,s,w
1062,x,s,y
1063,x,s,g
1064,x,f,g
1065,f,y,w
1066,f,f,y
1067,x,y,w
1068,f,f,w
1069,x,f,n
1070,x,y,n
1071,x,s,w
1072,f,y,w
1073,x,s,y
1074,x,f,g
1075,f,y,y
1076,f,s,g
1077,f,f,n
1078,f,y,w
1079,f,f,g
1080,x,y,n
1081,f,f,w
1082,f,y,n
1083,b,s,y
1084,f,f,g
1085,b,s,w
1086,f,f,g
1087,b,y,w
1088,x,y,w
1089,f,y,n
1090,x,y,y
1091,s,f,n
1092,x,y,n
1093,f,f,g
1094,f,f,y
1095,x,s,g
1096,f,y,n
1097,x,f,g
1098,x,s,g
1099,x,f,g
1100,x,y,n
1101,x,f,n
1102,f,s,w
1103,x,f,g
1104,x,y,n
1105,f,f,n
1106,f,s,w
1107,x,y,w
1108,f,f,g
1109,b,y,y
1110,x,s,n
1111,f,f,n
1112,f,s,w
1113,x,y,n
1114,f,f,w
1115,f,y,n
1116,f,f,g
1117,f,f,g
1118,f,s,g
1119,f,f,n
1120,x,s,g
1121,x,f,w
1122,f,f,w
1123,x,s,n
1124,x,f,n
1125,f,s,y
1126,x,f,w
1127,f,s,w
1128,b,s,y
1129,x,f,w
1130,x,f,g
1131,f,s,n
1132,x,f,g
1133,x,s,n
1134,f,s,w
1135,x,y,w
1136,x,f,n
1137,x,f,n
1138,b,y,y
1139,f,f,w
1140,x,s,n
1141,f,f,w
1142,x,f,n
1143,f,f,w
1144,x,s,w
1145,x,s,n
1146,x,f,w
1147,f,s,g
1148,x,f,g
1149,x,f,g
1150,f,s,n
1151,f,s,w
1152,f,y,n
1153,x,y,w
1154,f,s,g
1155,x,y,w
1156,b,y,w
1157,x,s,g
1158,f,f,g
1159,f,f,w
1160,f,s,g
1161,b,y,w
1162,x,f,g
1163,x,f,e
1164,x,y,y
1165,x,s,w
1166,b,s,w
1167,x,s,n
1168,x,f,n
1169,f,s,n
1170,b,s,w
1171,x,s,g
1172,x,f,n
1173,f,f,w
1174,x,f,n
1175,x,f,g
1176,x,f,g
1177,b,y,y
1178,f,f,n
1179,x,f,w
1180,f,y,n
1181,x,y,n
1182,x,y,y
1183,f,f,g
1184,x,y,w
1185,x,y,w
1186,f,s,w
1187,f,s,g
1188,f,s,n
1189,x,y,y
1190,x,f,n
1191,x,f,w
1192,x,s,y
1193,x,f,e
1194,f,y,n
1195,b,s,w
1196,x,s,n
1197,x,f,g
1198,b,y,w
1199,x,s,w
1200,b,y,y
1201,x,y,w
1202,x,s,y
1203,b,s,w
1204,f,s,n
1205,f,s,w
1206,f,s,n
1207,f,f,n
1208,f,y,w
1209,f,s,w
1210,x,f,w
1211,x,s,n
1212,f,s,n
1213,f,y,y
1214,x,f,g
1215,x,f,n
1216,f,s,n
1217,x,s,w
1218,f,f,n
1219,f,f,w
1220,f,f,w
1221,x,y,y
1222,x,s,g
1223,x,f,g
1224,f,f,n
1225,f,s,n
1226,x,f,w
1227,x,y,e
1228,x,f,n
1229,x,s,w
1230,x,y,n
1231,x,f,n
1232,f,y,w
1233,f,f,g
1234,x,f,w
1235,f,s,n
1236,f,f,g
1237,f,s,g
1238,f,f,g
1239,x,s,g
1240,x,s,n
1241,f,s,w
1242,x,s,g
1243,x,s,w
1244,f,s,w
1245,f,s,n
1246,x,f,g
1247,f,s,g
1248,x,s,g
1249,f,f,g
1250,f,f,g
1251,x,y,g
1252,x,f,n
1253,f,s,w
1254,f,y,w
1255,f,y,n
1256,x,s,w
1257,f,s,n
1258,f,f,n
1259,f,s,w
1260,f,s,n
1261,f,y,w
1262,f,y,n
1263,f,s,w
1264,x,s,w
1265,x,f,n
1266,f,s,w
1267,f,f,g
1268,f,y,n
1269,x,s,w
1270,x,y,e
1271,f,s,g
1272,x,s,w
1273,f,s,w
1274,f,f,n
1275,x,f,w
1276,f,s,w
1277,x,f,n
1278,f,f,w
1279,x,s,w
1280,f,s,w
1281,b,y,y
1282,x,s,g
1283,x,f,w
1284,x,s,n
1285,x,f,n
1286,f,f,g
1287,x,y,n
1288,f,s,g
1289,x,f,n
1290,f,s,w
1291,x,f,n
1292,x,f,g
1293,x,f,w
1294,f,s,w
1295,f,s,w
1296,x,s,g
1297,x,f,n
1298,x,s,g
1299,x,y,y
1300,f,s,w
1301,x,s,w
1302,x,f,g
1303,f,s,w
1304,x,f,n
1305,f,s,g
1306,f,s,g
1307,f,f,n
1308,f,s,w
1309,f,s,w
1310,f,s,g
1311,f,f,w
1312,f,s,n
1313,f,s,w
1314,x,f,g
1315,b,y,y
1316,f,f,n
1317,f,s,g
1318,x,f,n
1319,b,s,y
1320,x,s,w
1321,f,f,n
1322,x,s,w
1323,f,f,w
1324,f,y,w
1325,x,s,n
1326,f,s,n
1327,b,s,y
1328,f,s,g
1329,x,s,g
1330,f,f,g
1331,x,f,g
1332,f,s,w
1333,f,s,n
1334,f,f,g
1335,f,s,w
1336,x,f,n
1337,x,s,n
1338,x,f,e
1339,x,y,y
1340,f,f,w
1341,x,s,w
1342,f,f,n
1343,f,s,w
1344,f,f,g
1345,f,s,w
1346,f,f,w
1347,f,y,n
1348,x,s,w
1349,x,f,n
1350,x,y,g
1351,x,y,g
1352,f,s,n
1353,f,s,w
1354,f,s,n
1355,x,s,n
1356,f,f,w
1357,x,f,n
1358,f,f,w
1359,f,f,n
1360,f,s,w
1361,f,f,n
1362,f,y,n
1363,f,f,w
1364,f,s,w
1365,x,f,n
1366,f,f,w
1367,x,f,g
1368,f,s,n
1369,x,f,g
1370,f,f,w
1371,f,f,n
1372,x,s,n
1373,x,f,w
1374,b,s,y
1375,x,y,n
1376,f,s,n
1377,f,f,w
1378,f,f,n
1379,f,y,n
1380,f,f,n
1381,x,s,w
1382,f,s,n
1383,f,y,w
1384,f,s,n
1385,f,s,g
1386,x,f,g
1387,f,f,n
1388,x,f,g
1389,x,f,n
1390,x,f,n
1391,x,f,g
1392,x,s,w
1393,f,s,w
1394,x,s,w
1395,f,f,g
1396,x,f,n
1397,x,s,w
1398,x,s,n
1399,f,s,g
1400,f,y,w
1401,f,s,n
1402,f,y,y
1403,x,f,g
1404,f,s,g
1405,x,s,g
1406,f,y,w
1407,x,s,w
1408,x,s,w
1409,f,s,g
1410,f,s,n
1411,x,f,n
1412,f,s,n
1413,f,s,n
1414,x,f,w
1415,f,f,w
1416,f,f,n
1417,x,y,w
1418,x,s,n
1419,x,s,g
1420,f,s,w
1421,x,s,w
1422,x,s,w
1423,x,f,n
1424,f,f,g
1425,x,s,g
1426,f,f,n
1427,f,s,n
1428,x,s,g
1429,f,y,n
1430,f,y,n
1431,x,s,n
1432,x,f,n
1433,f,y,w
1434,x,s,w
1435,f,s,n
1436,x,f,n
1437,b,y,w
1438,f,y,w
1439,f,f,w
1440,x,s,w
1441,x,f,n
1442,x,s,n
1443,f,f,n
1444,f,f,n
1445,f,y,n
1446,f,y,w
1447,x,s,n
1448,f,f,g
1449,x,f,n
1450,f,s,g
1451,f,f,n
1452,f,s,n
1453,x,f,n
1454,f,y,n
1455,x,s,g
1456,f,f,w
1457,x,s,w
1458,x,f,n
1459,x,s,n
1460,f,s,w
1461,x,f,n
1462,x,s,w
1463,f,s,w
1464,x,s,w
1465,x,f,n
1466,x,y,g
1467,x,f,n
1468,x,s,y
1469,f,f,g
1470,x,s,n
1471,x,y,e
1472,f,s,g
1473,f,s,w
1474,f,f,w
1475,x,f,g
1476,f,f,n
1477,f,s,n
1478,x,f,w
1479,f,y,w
1480,x,f,w
1481,f,s,n
1482,x,s,n
1483,x,f,g
1484,x,s,n
1485,f,y,y
1486,x,y,n
1487,x,f,w
1488,f,s,w
1489,x,s,n
1490,f,y,n
1491,f,f,g
1492,f,s,w
1493,f,s,n
1494,x,s,g
1495,x,f,g
1496,f,f,n
1497,f,s,g
1498,x,s,w
1499,x,f,n
1500,x,f,g
1501,f,f,n
1502,b,y,y
1503,f,f,g
1504,x,f,g
1505,f,f,w
1506,x,f,n
1507,f,s,n
1508,x,f,n
1509,x,f,n
1510,x,f,n
1511,x,f,w
1512,f,s,g
1513,f,s,n
1514,x,y,y
1515,x,f,w
1516,f,f,g
1517,f,f,n
1518,f,f,n
1519,b,y,y
1520,x,f,n
1521,x,y,w
1522,f,s,w
1523,x,s,w
1524,x,f,n
1525,x,s,n
1526,x,s,n
1527,x,y,n
1528,f,s,g
1529,x,y,y
1530,x,s,w
1531,f,y,w
1532,f,s,w
1533,f,s,w
1534,f,s,g
1535,f,f,g
1536,x,s,w
1537,x,s,g
1538,x,s,w
1539,x,s,g
1540,f,s,w
1541,f,y,w
1542,x,f,w
1543,x,s,n
1544,x,f,w
1545,x,f,w
1546,x,y,e
1547,f,s,n
1548,f,f,g
1549,x,y,y
1550,x,f,n
1551,f,f,n
1552,b,s,w
1553,f,s,g
1554,f,f,w
1555,f,f,n
1556,f,s,n
1557,x,s,n
1558,b,y,y
1559,f,s,g
1560,f,s,n
1561,x,f,g
1562,f,s,g
1563,x,f,n
1564,x,f,n
1565,b,y,w
1566,x,f,g
1567,f,y,n
1568,x,s,w
1569,f,s,n
1570,f,s,n
1571,f,f,n
1572,x,f,w
1573,x,f,n
1574,f,s,n
1575,x,s,y
1576,f,s,w
1577,x,s,w
1578,x,y,n
1579,f,f,g
1580,f,y,n
1581,f,f,w
1582,x,f,n
1583,x,f,g
1584,f,s,n
1585,f,s,g
1586,x,s,w
1587,x,f,n
1588,x,f,n
1589,x,y,y
1590,f,f,w
1591,f,s,w
1592,x,f,g
1593,f,f,g
1594,f,f,w
1595,x,f,g
1596,f,f,g
1597,x,f,g
1598,x,s,g
1599,f,s,g
1600,x,y,n
1601,x,y,g
1602,f,s,g
1603,f,f,w
1604,f,s,n
1605,f,f,w
1606,f,f,n
1607,f,s,g
1608,x,s,n
1609,x,f,n
1610,x,s,n
1611,x,f,n
1612,f,s,w
1613,x,f,n
1614,f,s,w
1615,f,s,n
1616,x,f,n
1617,x,s,w
1618,f,f,g
1619,x,s,n
1620,x,f,n
1621,x,s,g
1622,f,f,g
1623,f,s,n
1624,f,s,g
1625,x,f,e
1626,f,y,w
1627,x,f,n
1628,x,f,n
1629,f,s,n
1630,f,s,w
1631,f,s,w
1632,f,f,w
1633,f,s,n
1634,f,f,n
1635,x,s,n
1636,f,s,n
1637,f,s,w
1638,f,s,w
1639,f,s,g
1640,x,s,n
1641,x,s,n
1642,x,f,n
1643,x,f,n
1644,f,f,w
1645,f,f,w
1646,x,f,w
1647,x,s,y
1648,f,s,g
1649,x,s,w
1650,x,f,n
1651,x,f,n
1652,x,s,w
1653,x,s,n
1654,x,s,g
1655,x,s,g
1656,f,s,w
1657,x,s,n
1658,f,f,g
1659,f,f,w
1660,x,f,w
1661,f,f,g
1662,x,f,g
1663,x,y,y
1664,x,s,y
1665,x,s,w
1666,x,y,n
1667,x,f,w
1668,x,s,w
1669,x,y,g
1670,f,s,w
1671,x,y,y
1672,x,y,w
1673,f,y,n
1674,x,s,w
1675,f,s,n
1676,x,s,g
1677,x,s,w
1678,f,s,n
1679,f,s,n
1680,x,s,g
1681,b,s,w
1682,x,s,g
1683,x,s,y
1684,f,y,w
1685,f,s,w
1686,f,s,n
1687,f,s,g
1688,f,f,g
1689,x,y,n
1690,x,f,n
1691,x,y,y
1692,x,f,g
1693,f,f,g
1694,f,s,n
1695,f,s,w
1696,x,f,g
1697,f,s,w
1698,f,f,g
1699,x,f,g
1700,x,s,n
1701,x,f,n
1702,f,s,w
1703,f,f,n
1704,f,y,n
1705,x,f,n
1706,x,f,n
1707,f,f,w
1708,f,y,n
1709,f,f,g
1710,x,f,g
1711,x,f,w
1712,x,f,g
1713,x,f,n
1714,x,s,g
1715,f,f,w
1716,x,f,g
1717,x,y,w
1718,x,y,w
1719,f,s,g
1720,f,s,w
1721,f,s,n
1722,f,s,w
1723,x,f,n
1724,x,s,n
1725,b,y,y
1726,f,y,w
1727,x,s,n
1728,f,s,n
1729,x,y,n
1730,x,s,g
1731,f,s,w
1732,x,s,n
1733,f,s,g
1734,x,f,w
1735,f,s,n
1736,x,f,n
1737,x,s,n
1738,x,f,n
1739,f,s,w
1740,f,s,w
1741,x,f,w
1742,f,f,n
1743,f,s,g
1744,x,f,w
1745,f,y,n
1746,f,s,w
1747,x,f,w
1748,f,f,n
1749,f,y,n
1750,f,s,w
1751,x,f,g
1752,f,y,y
1753,x,f,w
1754,x,f,w
1755,f,y,n
1756,f,f,n
1757,f,f,g
1758,x,f,n
1759,x,f,n
1760,x,s,g
1761,x,s,g
1762,x,f,w
1763,f,f,g
1764,x,f,n
1765,x,s,w
1766,x,s,w
1767,f,s,g
1768,x,s,n
1769,x,f,n
1770,x,y,y
1771,x,s,g
1772,x,f,n
1773,x,f,w
1774,x,y,y
1775,x,f,n
1776,x,f,w
1777,x,f,w
1778,f,s,n
1779,f,s,w
1780,x,s,n
1781,x,f,g
1782,f,s,n
1783,x,s,w
1784,f,s,w
1785,b,s,y
1786,x,f,n
1787,f,y,n
1788,x,s,g
1789,x,s,g
1790,x,s,w
1791,f,s,w
1792,f,s,w
1793,x,f,n
1794,f,f,n
1795,x,f,n
1796,f,y,n
1797,x,f,w
1798,f,s,w
1799,f,y,w
1800,f,s,g
1801,f,y,n
1802,x,f,g
1803,x,f,g
1804,x,y,n
1805,f,f,n
1806,f,y,e
1807,f,s,g
1808,x,f,g
1809,x,y,g
1810,x,f,g
1811,f,s,n
1812,f,f,n
1813,x,s,n
1814,x,s,w
1815,x,s,w
1816,x,y,y
1817,x,f,g
1818,f,s,n
1819,f,s,w
1820,x,f,n
1821,f,s,n
1822,x,f,n
1823,x,s,w
1824,f,f,n
1825,x,y,w
1826,f,f,g
1827,x,y,e
1828,f,f,w
1829,x,s,g
1830,x,y,n
1831,x,y,g
1832,x,f,g
1833,f,s,w
1834,x,f,g
1835,x,f,n
1836,x,f,e
1837,x,y,n
1838,f,f,w
1839,x,y,n
1840,x,s,g
1841,x,f,g
1842,f,f,w
1843,x,y,g
1844,f,y,n
1845,x,y,e
1846,f,f,w
1847,f,s,g
1848,x,y,g
1849,f,f,g
1850,x,f,n
1851,f,f,e
1852,x,s,w
1853,x,f,e
1854,x,f,n
1855,x,f,g
1856,x,f,n
1857,x,f,y
1858,x,f,e
1859,f,s,w
1860,x,s,w
1861,x,f,e
1862,x,y,n
1863,x,f,w
1864,x,f,g
1865,x,s,g
1866,x,y,e
1867,x,y,n
1868,x,s,w
1869,x,s,n
1870,x,s,w
1871,x,s,n
1872,f,f,e
1873,f,f,w
1874,f,f,g
1875,x,y,e
1876,x,f,e
1877,x,y,g
1878,x,f,e
1879,f,s,n
1880,x,s,w
1881,x,s,w
1882,x,f,w
1883,x,f,e
1884,x,f,n
1885,f,f,n
1886,f,f,w
1887,f,f,w
1888,f,y,w
1889,f,f,g
1890,x,f,n
1891,x,s,w
1892,x,f,w
1893,x,s,n
1894,x,f,n
1895,x,s,g
1896,x,y,n
1897,x,f,n
1898,f,s,g
1899,f,s,n
1900,x,s,g
1901,f,f,g
1902,x,s,w
1903,f,f,n
1904,f,s,w
1905,x,f,g
1906,f,f,n
1907,f,f,n
1908,x,f,n
1909,f,s,g
1910,f,s,w
1911,x,y,e
1912,x,y,g
1913,x,y,e
1914,x,f,g
1915,f,f,g
1916,f,y,y
1917,f,y,w
1918,f,s,n
1919,f,f,n
1920,f,f,n
1921,x,f,e
1922,f,f,g
1923,x,f,n
1924,x,f,g
1925,x,y,e
1926,f,f,n
1927,x,f,n
1928,x,f,n
1929,f,s,w
1930,f,s,g
1931,f,y,w
1932,b,s,w
1933,x,f,n
1934,f,f,g
1935,x,f,n
1936,x,s,n
1937,f,s,w
1938,x,f,w
1939,x,s,w
1940,x,s,g
1941,x,y,e
1942,f,f,n
1943,x,f,n
1944,f,f,w
1945,f,s,n
1946,f,s,w
1947,f,f,n
1948,x,y,g
1949,x,y,g
1950,x,f,g
1951,x,f,g
1952,x,y,e
1953,x,f,g
1954,x,f,g
1955,x,f,n
1956,x,s,w
1957,x,f,n
1958,x,y,n
1959,x,f,g
1960,f,y,n
1961,x,f,g
1962,x,f,g
1963,x,f,e
1964,f,f,n
1965,f,s,w
1966,f,s,n
1967,x,y,e
1968,f,s,n
1969,f,f,n
1970,f,s,w
1971,x,f,n
1972,f,f,n
1973,x,s,n
1974,x,f,n
1975,f,s,n
1976,f,y,w
1977,x,f,n
1978,x,f,g
1979,f,f,n
1980,x,f,e
1981,f,f,w
1982,x,f,w
1983,x,y,w
1984,x,s,w
1985,x,y,g
1986,x,f,g
1987,x,s,g
1988,f,y,w
1989,x,f,e
1990,f,s,n
1991,f,y,n
1992,x,f,g
1993,f,s,n
1994,x,f,g
1995,x,f,n
1996,x,f,n
1997,f,s,n
1998,f,f,n
1999,x,s,n
2000,x,s,n
2001,x,f,n
2002,x,y,e
2003,f,s,n
2004,x,f,n
2005,f,y,w
2006,x,y,y
2007,f,s,n
2008,f,f,w
2009,f,f,n
2010,f,s,n
2011,x,s,n
2012,x,f,n
2013,x,f,e
2014,f,f,n
2015,x,f,w
2016,f,s,g
2017,f,f,w
2018,f,s,y
2019,f,f,w
2020,f,f,n
2021,x,f,n
2022,x,y,g
2023,x,f,n
2024,x,f,n
2025,x,f,g
2026,x,f,n
2027,x,f,g
2028,x,f,n
2029,x,s,n
2030,b,y,w
2031,x,y,e
2032,f,s,n
2033,x,f,e
2034,f,y,n
2035,x,y,g
2036,x,s,g
2037,x,s,n
2038,x,f,g
2039,x,s,g
2040,x,y,e
2041,f,f,g
2042,f,f,n
2043,x,f,n
2044,f,s,n
2045,x,f,w
2046,x,y,y
2047,x,f,e
2048,x,f,n
2049,x,y,n
2050,f,f,g
2051,x,f,w
2052,x,y,w
2053,x,s,n
2054,f,s,w
2055,f,f,n
2056,f,f,w
2057,x,f,g
2058,x,f,n
2059,x,f,w
2060,x,s,w
2061,f,s,g
2062,f,y,n
2063,f,f,g
2064,x,f,n
2065,x,f,w
2066,x,y,n
2067,x,y,e
2068,f,s,n
2069,f,s,g
2070,x,f,g
2071,f,f,g
2072,x,f,g
2073,x,f,g
2074,x,f,n
2075,x,s,w
2076,x,s,y
2077,x,f,n
2078,f,y,n
2079,x,s,g
2080,x,y,e
2081,x,f,g
2082,f,s,w
2083,x,f,n
2084,f,f,n
2085,f,f,g
2086,f,f,g
2087,f,f,n
2088,x,f,g
2089,x,f,e
2090,f,y,n
2091,x,y,g
2092,x,s,w
2093,b,s,w
2094,x,s,w
2095,f,f,n
2096,x,y,g
2097,f,f,g
2098,x,f,g
2099,x,s,w
2100,x,s,n
2101,x,y,g
2102,f,f,g
2103,x,y,n
2104,x,f,e
2105,f,f,n
2106,x,f,e
2107,f,f,n
2108,x,y,e
2109,x,f,g
2110,f,f,g
2111,x,f,e
2112,x,y,e
2113,x,s,w
2114,x,f,e
2115,x,y,g
2116,x,f,n
2117,x,y,e
2118,x,y,g
2119,x,f,g
2120,x,y,g
2121,x,f,e
2122,f,y,e
2123,f,f,n
2124,x,f,n
2125,f,y,g
2126,x,y,e
2127,x,f,g
2128,x,y,g
2129,x,f,g
2130,f,s,w
2131,x,f,e
2132,x,f,w
2133,x,y,n
2134,f,f,n
2135,x,f,n
2136,x,y,g
2137,x,y,g
2138,x,f,e
2139,x,y,n
2140,x,f,g
2141,x,f,e
2142,x,y,e
2143,x,y,n
2144,x,y,e
2145,f,y,n
2146,f,y,n
2147,x,y,n
2148,f,s,n
2149,f,f,e
2150,x,s,w
2151,x,f,e
2152,f,f,n
2153,x,y,n
2154,f,f,e
2155,x,f,e
2156,x,f,g
2157,x,y,n
2158,f,f,n
2159,f,f,n
2160,x,f,e
2161,x,f,n
2162,x,f,e
2163,f,f,g
2164,x,y,n
2165,f,f,n
2166,x,f,e
2167,x,y,e
2168,x,f,g
2169,x,y,g
2170,x,y,e
2171,x,y,g
2172,x,f,g
2173,f,f,g
2174,x,y,g
2175,x,y,e
2176,f,f,n
2177,f,f,n
2178,x,y,e
2179,x,f,g
2180,x,y,g
2181,x,f,e
2182,x,y,n
2183,f,f,n
2184,x,y,e
2185,f,f,n
2186,f,y,n
2187,f,f,g
2188,x,f,e
2189,x,f,g
2190,x,f,g
2191,x,f,n
2192,x,f,g
2193,x,s,g
2194,x,y,e
2195,f,f,g
2196,x,y,e
2197,f,f,g
2198,x,f,g
2199,x,f,g
2200,f,f,g
2201,x,s,w
2202,x,f,n
2203,f,f,n
2204,f,f,g
2205,x,y,g
2206,x,f,e
2207,x,y,e
2208,x,f,n
2209,f,y,g
2210,x,y,g
2211,x,s,p
2212,x,y,n
2213,f,f,g
2214,x,y,e
2215,f,f,n
2216,x,y,n
2217,x,f,g
2218,f,f,n
2219,x,y,n
2220,x,y,n
2221,x,f,e
2222,f,f,g
2223,x,y,e
2224,x,y,e
2225,f,f,n
2226,x,f,e
2227,x,f,e
2228,x,f,w
2229,x,y,g
2230,x,f,e
2231,x,y,g
2232,x,f,e
2233,x,f,g
2234,f,y,e
2235,f,y,g
2236,x,y,e
2237,x,y,g
2238,f,f,g
2239,x,f,g
2240,x,f,e
2241,x,y,e
2242,f,s,w
2243,f,y,n
2244,x,f,e
2245,x,y,e
2246,x,f,g
2247,x,y,g
2248,x,f,g
2249,x,f,n
2250,f,f,e
2251,x,y,g
2252,f,f,n
2253,f,f,g
2254,f,f,g
2255,x,y,n
2256,f,f,g
2257,f,y,n
2258,x,f,g
2259,x,y,e
2260,x,y,n
2261,f,s,g
2262,x,f,n
2263,f,f,n
2264,x,y,e
2265,x,y,e
2266,x,y,n
2267,f,s,w
2268,x,y,n
2269,x,y,e
2270,x,f,g
2271,f,f,g
2272,f,f,n
2273,f,f,g
2274,x,y,e
2275,f,f,g
2276,x,y,n
2277,x,f,e
2278,x,f,n
2279,x,f,g
2280,f,f,g
2281,x,f,n
2282,x,y,n
2283,x,f,e
2284,f,f,g
2285,x,y,n
2286,x,s,p
2287,f,y,g
2288,f,f,n
2289,f,s,n
2290,x,y,n
2291,x,y,g
2292,x,y,e
2293,x,y,e
2294,x,y,e
2295,x,f,g
2296,f,s,w
2297,x,y,g
2298,x,f,n
2299,x,f,n
2300,x,y,g
2301,x,y,e
2302,x,y,n
2303,x,f,g
2304,x,f,g
2305,x,y,g
2306,x,y,g
2307,f,y,g
2308,x,f,e
2309,x,y,e
2310,x,f,n
2311,x,f,n
2312,f,f,n
2313,f,f,n
2314,x,y,g
2315,x,f,e
2316,f,y,n
2317,x,y,e
2318,f,y,n
2319,x,y,g
2320,f,f,n
2321,x,y,g
2322,x,y,e
2323,x,y,n
2324,x,f,g
2325,x,f,e
2326,x,f,n
2327,f,f,n
2328,f,y,g
2329,x,f,n
2330,x,y,e
2331,f,f,n
2332,x,y,n
2333,f,f,n
2334,x,y,e
2335,x,y,e
2336,x,f,g
2337,x,f,g
2338,f,f,e
2339,x,f,n
2340,x,y,e
2341,x,y,g
2342,x,y,g
2343,x,f,e
2344,f,f,n
2345,x,y,n
2346,x,y,g
2347,x,f,w
2348,f,y,g
2349,f,s,g
2350,f,f,n
2351,x,y,e
2352,f,y,w
2353,x,y,g
2354,f,f,n
2355,x,f,g
2356,x,f,e
2357,f,f,g
2358,x,y,n
2359,x,y,e
2360,x,y,n
2361,x,y,n
2362,f,f,n
2363,x,y,g
2364,x,y,n
2365,x,f,e
2366,f,f,n
2367,x,f,e
2368,f,s,w
2369,x,y,n
2370,x,f,g
2371,x,f,n
2372,x,f,e
2373,f,f,n
2374,x,f,n
2375,x,y,n
2376,f,s,w
2377,x,f,g
2378,f,s,w
2379,x,s,g
2380,x,f,g
2381,f,f,n
2382,x,f,e
2383,x,y,g
2384,f,f,n
2385,x,f,n
2386,x,f,g
2387,x,y,e
2388,x,f,n
2389,x,s,w
2390,x,y,g
2391,f,f,n
2392,x,f,n
2393,x,y,g
2394,x,y,g
2395,f,f,n
2396,f,f,n
2397,x,f,g
2398,f,f,g
2399,x,y,e
2400,x,f,e
2401,x,s,w
2402,f,f,g
2403,x,f,g
2404,f,y,e
2405,f,y,g
2406,x,y,n
2407,x,y,e
2408,x,f,e
2409,x,y,e
2410,f,f,g
2411,x,f,g
2412,f,f,n
2413,x,y,n
2414,x,y,g
2415,x,f,g
2416,x,y,n
2417,f,f,n
2418,x,y,n
2419,x,y,n
2420,f,f,n
2421,x,f,n
2422,x,f,n
2423,x,y,n
2424,f,f,g
2425,x,f,e
2426,f,f,n
2427,x,s,p
2428,x,f,e
2429,f,f,n
2430,x,f,n
2431,f,f,e
2432,x,y,e
2433,x,f,g
2434,x,f,g
2435,x,f,g
2436,x,f,g
2437,f,f,g
2438,x,f,e
2439,f,y,n
2440,f,y,e
2441,x,y,g
2442,x,y,g
2443,x,f,g
2444,x,f,g
2445,x,y,n
2446,x,y,e
2447,x,f,n
2448,f,f,n
2449,f,f,n
2450,f,f,g
2451,f,f,g
2452,x,y,g
2453,x,f,g
2454,x,y,g
2455,x,f,e
2456,f,f,n
2457,x,y,e
2458,x,f,g
2459,x,f,n
2460,x,y,e
2461,x,f,n
2462,f,f,g
2463,x,y,g
2464,x,y,g
2465,f,f,n
2466,x,f,g
2467,f,f,n
2468,x,y,e
2469,x,f,n
2470,x,y,g
2471,f,f,g
2472,x,f,g
2473,x,f,n
2474,x,y,g
2475,x,y,g
2476,x,y,e
2477,x,y,n
2478,x,y,g
2479,f,y,n
2480,x,s,g
2481,x,f,g
2482,x,f,e
2483,x,s,p
2484,x,y,n
2485,x,f,e
2486,x,y,n
2487,x,y,e
2488,x,s,w
2489,f,f,g
2490,x,y,g
2491,x,y,g
2492,x,f,e
2493,x,y,g
2494,x,y,g
2495,x,f,e
2496,f,y,w
2497,f,f,n
2498,x,f,e
2499,x,f,e
2500,x,y,g
2501,f,s,w
2502,x,f,n
2503,x,f,n
2504,f,f,n
2505,x,y,e
2506,x,y,e
2507,x,y,e
2508,f,f,n
2509,x,f,g
2510,f,f,n
2511,f,f,e
2512,x,y,e
2513,x,s,w
2514,f,f,n
2515,f,f,g
2516,f,f,n
2517,x,y,n
2518,x,f,e
2519,f,s,w
2520,x,y,g
2521,x,f,e
2522,f,f,n
2523,f,f,n
2524,x,y,n
2525,x,y,g
2526,x,y,n
2527,x,f,g
2528,x,y,n
2529,x,y,n
2530,f,f,n
2531,x,y,g
2532,x,y,e
2533,x,y,n
2534,x,f,g
2535,f,f,g
2536,x,y,e
2537,x,f,g
2538,x,y,e
2539,x,f,e
2540,x,f,g
2541,x,f,p
2542,x,f,g
2543,f,f,g
2544,x,f,g
2545,x,y,g
2546,x,y,g
2547,f,f,g
2548,x,f,g
2549,x,f,e
2550,x,f,n
2551,x,y,n
2552,f,f,n
2553,f,f,n
2554,f,f,g
2555,x,f,g
2556,x,y,n
2557,x,y,e
2558,f,f,n
2559,x,y,g
2560,x,y,n
2561,x,f,w
2562,f,f,n
2563,x,y,e
2564,x,y,n
2565,f,f,g
2566,x,f,e
2567,x,f,g
2568,x,y,e
2569,f,f,g
2570,f,y,e
2571,x,f,e
2572,x,f,g
2573,x,y,n
2574,x,y,n
2575,x,y,n
2576,x,y,n
2577,x,y,g
2578,x,y,n
2579,x,f,g
2580,x,y,e
2581,x,y,e
2582,x,y,g
2583,f,f,e
2584,f,f,n
2585,f,f,n
2586,x,y,g
2587,x,y,g
2588,x,f,e
2589,f,f,n
2590,f,f,n
2591,x,y,e
2592,x,y,n
2593,f,f,n
2594,f,f,n
2595,x,f,g
2596,x,f,g
2597,x,y,n
2598,x,f,g
2599,x,f,g
2600,x,y,g
2601,f,f,n
2602,f,f,g
2603,x,y,n
2604,x,f,e
2605,f,f,n
2606,x,f,g
2607,x,f,e
2608,f,f,n
2609,x,f,e
2610,x,f,e
2611,x,y,e
2612,f,y,g
2613,f,f,n
2614,x,f,g
2615,f,f,g
2616,x,y,n
2617,x,y,g
2618,x,y,g
2619,x,f,n
2620,x,y,e
2621,f,f,n
2622,x,y,e
2623,x,f,n
2624,f,f,n
2625,x,y,e
2626,x,f,g
2627,x,y,n
2628,x,f,g
2629,f,f,g
2630,x,f,n
2631,f,s,n
2632,f,f,n
2633,x,y,g
2634,f,y,g
2635,x,y,g
2636,f,y,e
2637,x,y,g
2638,x,f,g
2639,f,f,g
2640,x,y,n
2641,f,f,n
2642,x,y,e
2643,x,y,e
2644,f,y,n
2645,x,y,n
2646,x,f,g
2647,f,f,g
2648,f,f,w
2649,x,y,n
2650,x,f,g
2651,f,y,e
2652,x,f,e
2653,x,y,n
2654,f,y,n
2655,x,y,g
2656,f,f,n
2657,x,y,e
2658,x,y,e
2659,x,y,e
2660,x,f,e
2661,x,f,e
2662,x,f,e
2663,f,f,n
2664,x,f,g
2665,x,f,g
2666,x,y,g
2667,x,y,n
2668,x,f,e
2669,x,f,e
2670,x,f,g
2671,x,f,e
2672,f,f,n
2673,x,f,e
2674,f,f,n
2675,f,f,n
2676,f,f,n
2677,x,f,g
2678,x,f,e
2679,x,y,e
2680,f,f,g
2681,f,f,n
2682,x,y,n
2683,f,f,n
2684,x,f,p
2685,x,f,e
2686,x,f,n
2687,x,y,e
2688,f,f,n
2689,f,f,n
2690,x,y,g
2691,f,s,n
2692,x,y,g
2693,x,y,n
2694,x,y,n
2695,f,f,g
2696,x,f,e
2697,f,f,n
2698,x,f,g
2699,x,y,e
2700,x,f,g
2701,x,f,e
2702,x,f,e
2703,x,y,e
2704,f,f,n
2705,f,f,n
2706,x,y,n
2707,x,f,e
2708,x,y,e
2709,x,y,n
2710,x,y,g
2711,x,y,n
2712,x,y,e
2713,x,f,e
2714,x,f,e
2715,x,y,e
2716,x,y,n
2717,x,f,e
2718,f,f,e
2719,f,f,n
2720,x,y,e
2721,x,f,n
2722,x,y,e
2723,f,f,g
2724,x,y,n
2725,f,y,e
2726,x,y,n
2727,x,y,e
2728,x,y,g
2729,f,y,g
2730,x,y,n
2731,x,s,g
2732,f,f,n
2733,x,y,g
2734,x,y,g
2735,x,f,n
2736,x,f,e
2737,x,y,e
2738,x,y,n
2739,x,f,e
2740,x,y,e
2741,x,y,n
2742,f,f,g
2743,x,f,e
2744,f,y,n
2745,x,y,n
2746,x,f,e
2747,x,f,g
2748,x,y,n
2749,x,y,g
2750,x,f,g
2751,x,y,n
2752,x,f,g
2753,x,y,n
2754,x,y,g
2755,x,y,n
2756,f,f,n
2757,f,f,n
2758,x,y,n
2759,f,f,n
2760,f,f,n
2761,f,y,g
2762,x,f,g
2763,x,y,g
2764,x,y,g
2765,f,f,n
2766,x,f,g
2767,x,f,g
2768,f,f,n
2769,x,y,g
2770,x,f,g
2771,x,f,g
2772,f,f,n
2773,x,y,e
2774,x,y,n
2775,x,f,e
2776,x,f,e
2777,x,y,n
2778,f,f,n
2779,x,f,e
2780,x,f,g
2781,f,f,n
2782,x,y,e
2783,x,f,g
2784,f,f,g
2785,f,f,g
2786,f,f,n
2787,x,f,n
2788,x,y,e
2789,f,s,g
2790,x,y,e
2791,f,f,g
2792,x,y,e
2793,x,f,g
2794,f,f,n
2795,x,f,e
2796,x,f,e
2797,x,f,g
2798,x,f,w
2799,x,y,e
2800,x,f,e
2801,x,y,n
2802,f,f,w
2803,x,f,g
2804,f,f,g
2805,x,f,g
2806,f,y,e
2807,x,f,e
2808,x,y,n
2809,x,y,e
2810,x,f,e
2811,f,y,e
2812,f,f,n
2813,x,y,g
2814,x,y,g
2815,x,f,g
2816,x,f,e
2817,x,f,n
2818,f,f,n
2819,x,f,e

2820,x,y,g
2821,x,y,n
2822,x,f,g
2823,x,y,e
2824,f,f,n
2825,x,y,g
2826,f,f,g
2827,x,f,e
2828,f,f,n
2829,x,y,g
2830,x,y,n
2831,x,y,e
2832,x,f,e
2833,x,f,n
2834,f,f,n
2835,x,y,g
2836,x,f,e
2837,f,f,n
2838,f,f,n
2839,x,y,e
2840,x,f,g
2841,x,f,g
2842,x,f,p
2843,x,y,n
2844,x,f,e
2845,f,s,n
2846,x,y,g
2847,x,y,g
2848,x,f,n
2849,f,f,g
2850,x,f,g
2851,x,y,n
2852,x,f,e
2853,x,f,n
2854,f,f,g
2855,f,f,n
2856,x,y,g
2857,x,y,e
2858,x,y,g
2859,f,f,g
2860,x,f,e
2861,x,s,p
2862,f,y,n
2863,x,y,e
2864,x,y,g
2865,x,y,g
2866,x,f,g
2867,x,f,e
2868,x,y,n
2869,x,y,g
2870,x,y,e
2871,x,y,n
2872,x,y,g
2873,x,y,n
2874,x,f,e
2875,x,f,e
2876,x,y,g
2877,f,f,g
2878,f,f,e
2879,f,f,g
2880,x,y,e
2881,x,y,e
2882,x,s,w
2883,x,y,n
2884,x,y,e
2885,f,f,e
2886,x,f,g
2887,f,f,n
2888,x,s,g
2889,f,y,e
2890,x,y,g
2891,x,f,n
2892,x,y,e
2893,x,f,w
2894,x,y,e
2895,f,f,g
2896,f,f,n
2897,x,y,n
2898,f,f,n
2899,x,f,g
2900,f,y,n
2901,x,y,g
2902,f,y,n
2903,x,f,g
2904,x,f,g
2905,x,y,g
2906,x,y,g
2907,x,f,g
2908,x,f,e
2909,x,f,g
2910,x,f,g
2911,f,f,g
2912,x,y,e
2913,x,f,g
2914,x,y,e
2915,x,f,n
2916,x,y,g
2917,x,y,e
2918,f,f,n
2919,x,f,e
2920,f,y,n
2921,x,y,n
2922,x,y,g
2923,f,f,e
2924,x,f,g
2925,x,y,g
2926,x,y,g
2927,x,f,g
2928,x,f,g
2929,x,f,g
2930,x,f,n
2931,x,f,g
2932,f,f,n
2933,x,y,n
2934,x,f,e
2935,x,y,n
2936,f,y,g
2937,f,f,g
2938,x,f,g
2939,x,f,n
2940,x,y,n
2941,x,f,e
2942,x,f,n
2943,f,f,n
2944,x,y,g
2945,x,y,n
2946,x,y,e
2947,f,f,g
2948,x,f,g
2949,x,y,e
2950,x,y,e
2951,x,f,g
2952,x,y,n
2953,x,f,e
2954,f,f,n
2955,x,f,e
2956,f,f,n
2957,x,y,e
2958,x,f,n
2959,x,f,e
2960,x,f,e
2961,x,f,n
2962,x,y,n
2963,x,y,e
2964,f,f,n
2965,x,y,n
2966,x,y,e
2967,f,f,g
2968,x,y,e
2969,x,y,e
2970,f,f,n
2971,f,f,n
2972,x,f,g
2973,x,y,g
2974,x,f,n
2975,f,f,n
2976,x,y,n
2977,x,y,g
2978,x,f,g
2979,x,y,e
2980,x,f,g
2981,x,y,e
2982,x,f,g
2983,x,f,e
2984,x,f,e
2985,x,f,e
2986,f,y,g
2987,x,f,g
2988,x,f,e
2989,x,f,g
2990,f,f,n
2991,x,f,g
2992,x,f,n
2993,x,y,g
2994,f,f,n
2995,x,f,e
2996,f,f,g
2997,x,y,n
2998,x,y,e
2999,x,y,e
3000,x,y,n
3001,x,y,n
3002,x,y,y
3003,f,y,n
3004,x,f,g
3005,x,f,g
3006,f,f,g
3007,f,f,e
3008,f,y,n
3009,f,f,e
3010,x,f,g
3011,f,f,g
3012,f,y,e
3013,f,y,e
3014,x,f,w
3015,x,f,e
3016,f,y,n
3017,x,f,g
3018,x,f,g
3019,f,y,e
3020,f,y,e
3021,f,f,n
3022,f,f,g
3023,f,f,e
3024,f,y,e
3025,f,y,e
3026,f,y,e
3027,x,f,p
3028,x,f,g
3029,f,f,e
3030,f,y,g
3031,f,y,g
3032,f,f,g
3033,f,f,e
3034,f,y,e
3035,f,f,g
3036,f,y,n
3037,f,y,e
3038,x,f,g
3039,f,f,e
3040,f,y,e
3041,x,y,y
3042,f,f,y
3043,f,y,n
3044,f,y,n
3045,f,y,g
3046,f,y,n
3047,x,y,e
3048,x,s,p
3049,f,y,n
3050,x,y,e
3051,f,f,e
3052,f,y,n
3053,x,s,w
3054,f,f,g
3055,f,y,g
3056,f,y,g
3057,f,y,n
3058,x,s,g
3059,x,f,p
3060,f,y,e
3061,x,f,g
3062,x,s,w
3063,x,f,g
3064,f,y,n
3065,x,y,y
3066,f,y,g
3067,f,y,n
3068,f,y,g
3069,x,s,w
3070,x,f,g
3071,f,y,g
3072,x,y,n
3073,f,y,g
3074,x,f,g
3075,f,y,n
3076,f,f,g
3077,f,f,e
3078,x,f,n
3079,f,f,g
3080,f,y,g
3081,f,y,g
3082,f,y,e
3083,x,f,g
3084,f,f,e
3085,f,y,n
3086,x,f,g
3087,f,y,e
3088,x,f,g
3089,f,y,e
3090,x,f,g
3091,x,f,g
3092,x,f,g
3093,f,y,e
3094,x,f,g
3095,f,f,e
3096,x,s,g
3097,f,y,g
3098,x,s,p
3099,f,f,e
3100,f,f,e
3101,f,y,e
3102,f,y,n
3103,x,f,g
3104,f,f,y
3105,x,s,g
3106,f,f,e
3107,f,f,e
3108,f,y,e
3109,f,y,n
3110,x,f,g
3111,x,f,g
3112,f,f,g
3113,f,y,e
3114,f,y,e
3115,f,f,g
3116,f,y,n
3117,f,y,n
3118,f,f,e
3119,x,s,g
3120,x,f,w
3121,f,f,g
3122,f,y,g
3123,x,f,g
3124,x,y,e
3125,x,s,w
3126,f,y,g
3127,f,y,g
3128,f,y,g
3129,f,f,e
3130,f,y,n
3131,f,y,g
3132,f,y,n
3133,f,y,g
3134,f,y,g
3135,x,f,n
3136,f,y,e
3137,f,f,e
3138,f,y,e
3139,x,f,y
3140,f,y,g
3141,f,y,n
3142,x,f,g
3143,f,y,g
3144,f,y,g
3145,f,y,g
3146,f,y,e
3147,f,y,g
3148,x,s,w
3149,x,f,w
3150,f,f,n
3151,f,f,e
3152,f,y,e
3153,x,f,g
3154,f,f,g
3155,f,f,g
3156,f,f,g
3157,x,s,w
3158,x,y,e
3159,f,y,e
3160,x,f,g
3161,f,f,e
3162,x,f,g
3163,x,f,p
3164,f,y,g
3165,x,f,g
3166,x,f,w
3167,x,f,g
3168,f,y,e
3169,x,y,g
3170,x,s,g
3171,f,y,g
3172,f,y,n
3173,f,f,e
3174,x,f,g
3175,x,f,p
3176,x,y,n
3177,f,f,e
3178,f,y,n
3179,f,y,g
3180,x,y,g
3181,f,y,n
3182,x,f,p
3183,x,f,w
3184,f,f,e
3185,f,y,n
3186,f,y,e
3187,f,y,g
3188,x,f,g
3189,x,f,g
3190,f,f,e
3191,x,y,y
3192,x,s,p
3193,f,f,e
3194,f,f,y
3195,f,y,e
3196,f,y,e
3197,x,f,n
3198,f,f,e
3199,f,f,g
3200,x,f,g
3201,f,y,e
3202,f,f,g
3203,f,y,e
3204,f,f,e
3205,f,f,g
3206,x,f,g
3207,f,y,g
3208,f,y,g
3209,x,f,g
3210,x,f,w
3211,f,f,e
3212,x,f,y
3213,f,y,e
3214,f,y,g
3215,f,f,e
3216,f,f,g
3217,f,y,g
3218,f,f,e
3219,x,s,g
3220,f,y,g
3221,f,y,n
3222,f,y,g
3223,f,y,g
3224,f,y,n
3225,x,f,g
3226,f,f,g
3227,x,f,g
3228,x,s,w
3229,f,f,g
3230,f,f,g
3231,f,y,g
3232,x,f,g
3233,x,s,w
3234,x,f,g
3235,x,y,g
3236,x,f,g
3237,f,y,e
3238,f,y,g
3239,x,f,g
3240,x,f,g
3241,f,y,g
3242,f,y,g
3243,x,s,w
3244,x,y,y
3245,f,f,e
3246,x,f,g
3247,x,f,g
3248,x,y,n
3249,x,f,g
3250,f,y,n
3251,f,f,g
3252,f,y,g
3253,f,y,g
3254,x,s,g
3255,f,f,g
3256,f,y,e
3257,f,y,n
3258,f,y,g
3259,x,f,p
3260,x,f,g
3261,f,y,g
3262,f,f,g
3263,x,s,p
3264,x,y,g
3265,x,f,g
3266,x,f,g
3267,f,y,n
3268,f,y,n
3269,x,s,g
3270,f,f,g
3271,x,f,p
3272,f,y,e
3273,f,y,g
3274,f,f,e
3275,x,f,y
3276,f,f,g
3277,x,f,w
3278,x,f,g
3279,f,f,e
3280,f,y,g
3281,x,f,g
3282,x,f,g
3283,x,s,p
3284,x,y,g
3285,x,f,g
3286,f,y,n
3287,x,y,n
3288,f,y,e
3289,f,y,g
3290,f,f,e
3291,f,y,g
3292,f,f,g
3293,x,f,p
3294,f,f,e
3295,f,f,e
3296,x,s,w
3297,f,f,g
3298,f,y,n
3299,x,f,g
3300,f,f,e
3301,x,f,g
3302,f,f,e
3303,f,y,g
3304,f,f,g
3305,x,f,g
3306,f,y,e
3307,x,f,w
3308,f,y,n
3309,x,y,g
3310,f,y,n
3311,f,y,e
3312,f,y,g
3313,f,y,e
3314,x,f,g
3315,f,y,g
3316,f,y,g
3317,f,f,g
3318,f,y,g
3319,f,f,e
3320,f,f,e
3321,f,y,n
3322,f,f,n
3323,x,f,p
3324,x,f,g
3325,f,y,g
3326,f,y,e
3327,x,s,w
3328,x,f,p
3329,x,f,g
3330,x,f,g
3331,f,y,e
3332,x,s,p
3333,f,y,g
3334,f,y,n
3335,x,f,g
3336,f,y,n
3337,x,f,e
3338,x,f,w
3339,f,y,n
3340,x,f,g
3341,f,y,e
3342,x,f,y
3343,f,f,g
3344,x,f,e
3345,f,y,e
3346,f,y,g
3347,x,f,g
3348,f,y,g
3349,f,f,e
3350,x,f,g
3351,f,y,n
3352,x,s,g
3353,x,f,g
3354,f,f,e
3355,f,y,n
3356,f,y,g
3357,f,f,g
3358,x,f,w
3359,x,f,g
3360,x,f,g
3361,f,f,e
3362,f,y,e
3363,f,y,g
3364,x,f,g
3365,f,y,e
3366,x,f,p
3367,x,s,g
3368,f,y,e
3369,f,f,e
3370,f,y,e
3371,f,y,n
3372,x,s,p
3373,x,f,g
3374,f,f,e
3375,f,y,e
3376,f,f,g
3377,f,f,e
3378,f,y,n
3379,f,y,e
3380,f,f,y
3381,x,f,g
3382,x,s,p
3383,x,y,e
3384,f,f,g
3385,f,f,e
3386,x,f,e
3387,f,y,g
3388,f,f,e
3389,x,s,w
3390,x,y,g
3391,x,f,p
3392,f,y,g
3393,x,y,n
3394,x,f,g
3395,f,y,n
3396,x,f,p
3397,f,f,e
3398,x,s,w
3399,x,y,n
3400,x,f,g
3401,x,s,g
3402,f,y,n
3403,x,f,g
3404,x,s,p
3405,f,y,e
3406,x,s,g
3407,x,y,g
3408,x,y,g
3409,f,y,n
3410,f,y,n
3411,f,f,n
3412,x,s,g
3413,f,f,g
3414,x,f,e
3415,f,f,g
3416,f,y,e
3417,f,y,n
3418,x,f,g
3419,x,s,g
3420,f,y,e
3421,x,y,g
3422,x,f,g
3423,f,y,n
3424,f,y,g
3425,f,f,e
3426,x,f,y
3427,x,s,g
3428,f,y,g
3429,f,y,n
3430,f,y,n
3431,f,y,g
3432,f,y,g
3433,x,f,g
3434,f,y,g
3435,f,f,e
3436,x,f,g
3437,f,y,g
3438,f,y,g
3439,f,f,e
3440,x,f,g
3441,f,y,g
3442,x,f,p
3443,f,f,e
3444,x,f,p
3445,x,s,w
3446,f,y,g
3447,x,s,p
3448,x,f,g
3449,x,f,n
3450,f,y,g
3451,f,y,e
3452,x,f,g
3453,x,f,g
3454,x,f,g
3455,x,f,w
3456,f,y,n
3457,f,y,g
3458,x,f,w
3459,x,y,g
3460,f,y,n
3461,f,f,g
3462,x,y,e
3463,f,y,e
3464,x,f,w
3465,f,f,e
3466,x,y,y
3467,f,f,g
3468,f,y,n
3469,x,f,g
3470,x,s,p
3471,f,f,e
3472,x,f,g
3473,f,y,g
3474,x,f,g
3475,x,y,n
3476,f,y,g
3477,f,f,g
3478,x,f,g
3479,f,y,n
3480,x,f,g
3481,f,y,g
3482,f,f,e
3483,f,f,e
3484,x,s,w
3485,x,f,w
3486,f,f,e
3487,f,f,e
3488,f,y,n
3489,x,f,g
3490,f,y,g
3491,x,f,g
3492,f,f,e
3493,x,f,g
3494,f,y,g
3495,f,f,e
3496,f,y,n
3497,x,f,g
3498,f,f,e
3499,x,f,g
3500,f,y,g
3501,x,f,w
3502,f,f,e
3503,f,f,e
3504,f,y,e
3505,x,f,e
3506,f,y,n
3507,x,f,g
3508,x,f,g
3509,x,f,g
3510,f,y,g
3511,f,y,n
3512,x,y,g
3513,f,y,g
3514,f,f,g
3515,f,y,e
3516,x,s,g
3517,f,y,e
3518,f,y,n
3519,x,f,e
3520,f,y,e
3521,f,y,g
3522,x,s,p
3523,f,f,g
3524,f,f,g
3525,f,f,e
3526,x,f,p
3527,f,f,n
3528,f,y,g
3529,f,y,e
3530,f,y,e
3531,x,f,g
3532,x,s,w
3533,f,y,g
3534,x,y,g
3535,f,y,n
3536,f,y,n
3537,x,s,g
3538,f,y,g
3539,f,y,e
3540,x,f,g
3541,x,y,n
3542,f,y,e
3543,f,f,e
3544,x,s,p
3545,x,f,g
3546,f,y,e
3547,f,y,g
3548,x,s,p
3549,f,f,g
3550,f,f,e
3551,f,f,n
3552,x,y,g
3553,x,y,n
3554,f,y,n
3555,x,f,p
3556,f,f,e
3557,x,y,y
3558,x,s,g
3559,f,y,n
3560,f,f,g
3561,x,f,g
3562,f,y,g
3563,f,y,g
3564,f,y,g
3565,x,y,n
3566,x,f,y
3567,f,f,g
3568,x,f,g
3569,f,y,e
3570,f,f,e
3571,f,f,g
3572,f,f,e
3573,x,f,y
3574,f,f,e
3575,f,f,g
3576,f,f,e
3577,f,y,e
3578,f,y,e
3579,f,y,n
3580,f,f,g
3581,f,f,e
3582,x,f,g
3583,f,y,n
3584,x,f,g
3585,f,y,n
3586,f,y,g
3587,x,f,e
3588,f,y,e
3589,f,f,g
3590,x,y,g
3591,x,f,p
3592,x,y,n
3593,f,y,n
3594,f,y,g
3595,f,f,g
3596,f,y,g
3597,f,y,e
3598,x,f,g
3599,f,y,n
3600,x,f,g
3601,f,f,e
3602,x,y,n
3603,x,y,g
3604,f,y,e
3605,x,y,g
3606,x,s,g
3607,x,f,g
3608,x,f,g
3609,f,f,g
3610,f,f,g
3611,x,f,g
3612,f,y,e
3613,f,y,n
3614,f,y,n
3615,x,y,y
3616,f,y,g
3617,x,f,p
3618,f,f,e
3619,f,y,n
3620,x,y,n
3621,f,f,e
3622,x,f,g
3623,x,f,g
3624,f,f,g
3625,x,f,n
3626,x,f,g
3627,f,f,g
3628,x,f,p
3629,f,y,n
3630,f,y,g
3631,x,f,g
3632,x,f,e
3633,x,s,g
3634,x,f,g
3635,f,y,n
3636,x,f,g
3637,f,y,e
3638,f,f,g
3639,f,f,g
3640,f,y,n
3641,f,y,e
3642,f,y,g
3643,f,y,e
3644,f,y,n
3645,x,y,y
3646,f,f,g
3647,f,y,n
3648,x,f,g
3649,x,f,g
3650,x,f,g
3651,f,y,e
3652,f,y,n
3653,x,y,g
3654,x,f,g
3655,f,y,g
3656,f,y,n
3657,x,f,g
3658,f,f,e
3659,f,f,y
3660,f,y,n
3661,x,y,e
3662,x,f,g
3663,x,y,n
3664,x,s,w
3665,f,y,g
3666,f,f,e
3667,f,y,g
3668,x,f,g
3669,f,y,e
3670,f,y,e
3671,x,s,p
3672,f,f,e
3673,f,f,g
3674,f,f,g
3675,f,f,g
3676,x,f,g
3677,f,y,n
3678,f,y,g
3679,f,y,n
3680,x,s,p
3681,f,y,e
3682,f,y,g
3683,f,y,e
3684,x,s,w
3685,x,f,g
3686,f,y,n
3687,x,f,g
3688,x,f,w
3689,f,y,n
3690,f,y,g
3691,f,y,g
3692,f,y,g
3693,x,f,w
3694,f,f,e
3695,x,f,g
3696,f,y,n
3697,f,y,n
3698,x,s,p
3699,f,y,g
3700,x,s,p
3701,x,y,n
3702,x,y,g
3703,f,y,e
3704,x,f,p
3705,x,f,g
3706,f,f,e
3707,f,f,e
3708,x,f,g
3709,x,f,g
3710,f,y,g
3711,x,f,g
3712,f,f,e
3713,f,y,n
3714,f,y,y
3715,f,y,e
3716,f,y,e
3717,f,y,n
3718,x,f,n
3719,f,y,g
3720,f,y,g
3721,f,f,e
3722,f,y,n
3723,x,y,g
3724,x,y,n
3725,x,f,g
3726,x,s,w
3727,f,f,y
3728,f,y,n
3729,f,y,e
3730,f,f,e
3731,f,f,e
3732,f,y,e
3733,f,y,n
3734,f,y,e
3735,x,y,g
3736,f,y,e
3737,f,y,n
3738,x,f,g
3739,x,f,w
3740,x,f,g
3741,x,y,n
3742,f,f,y
3743,x,s,g
3744,f,y,e
3745,f,y,e
3746,f,f,e
3747,x,f,y
3748,f,y,n
3749,f,f,e
3750,f,y,e
3751,x,f,y
3752,x,f,g
3753,f,f,e
3754,x,s,g
3755,x,f,w
3756,x,f,g
3757,f,y,g
3758,f,f,e
3759,f,f,y
3760,f,f,e
3761,f,y,e
3762,f,f,g
3763,f,y,e
3764,f,f,g
3765,f,y,n
3766,f,y,e
3767,f,y,n
3768,f,f,e
3769,f,y,e
3770,f,f,g
3771,x,f,g
3772,f,y,n
3773,f,y,n
3774,x,f,e
3775,f,f,n
3776,x,f,g
3777,f,y,e
3778,x,y,g
3779,f,y,n
3780,f,y,n
3781,f,y,g
3782,x,f,g
3783,f,f,e
3784,f,f,g
3785,f,y,g
3786,f,y,g
3787,f,f,g
3788,f,f,y
3789,x,y,n
3790,f,y,g
3791,f,f,g
3792,f,y,n
3793,x,f,g
3794,f,y,e
3795,x,s,w
3796,f,y,n
3797,x,s,w
3798,f,y,e
3799,f,f,g
3800,f,f,e
3801,f,y,e
3802,x,s,g
3803,f,y,e
3804,f,y,e
3805,x,f,p
3806,f,f,e
3807,x,s,p
3808,f,f,e
3809,f,f,g
3810,f,y,g
3811,x,f,g
3812,f,y,n
3813,f,y,e
3814,f,y,n
3815,x,s,p
3816,x,y,g
3817,f,f,e
3818,f,f,g
3819,f,y,g
3820,f,y,e
3821,f,y,e
3822,x,f,g
3823,x,f,g
3824,x,y,n
3825,f,y,e
3826,f,f,e
3827,x,f,w
3828,f,y,e
3829,f,y,g
3830,x,f,g
3831,f,y,g
3832,x,s,w
3833,f,f,e
3834,x,s,w
3835,x,f,g
3836,x,f,g
3837,f,y,g
3838,f,y,g
3839,f,y,e
3840,f,y,e
3841,x,f,g
3842,f,f,e
3843,f,f,e
3844,x,y,g
3845,f,f,e
3846,x,f,g
3847,f,y,g
3848,f,y,e
3849,f,y,e
3850,f,y,g
3851,x,f,e
3852,f,y,g
3853,x,s,p
3854,f,y,n
3855,x,f,g
3856,f,y,e
3857,f,y,g
3858,f,f,e
3859,x,s,w
3860,x,f,w
3861,x,y,n
3862,f,f,e
3863,f,y,e
3864,x,y,g
3865,x,f,g
3866,x,f,w
3867,f,y,n
3868,f,f,e
3869,x,f,w
3870,x,s,g
3871,x,y,e
3872,x,f,g
3873,x,f,g
3874,x,f,g
3875,x,s,g
3876,x,f,g
3877,x,f,p
3878,f,f,e
3879,x,s,p
3880,x,f,g
3881,f,y,e
3882,x,f,g
3883,x,s,g
3884,f,y,g
3885,f,y,n
3886,x,f,g
3887,f,f,e
3888,x,s,w
3889,f,y,n
3890,x,f,g
3891,f,y,g
3892,f,y,g
3893,x,f,g
3894,f,y,g
3895,x,f,g
3896,f,f,g
3897,f,f,e
3898,f,f,g
3899,x,f,w
3900,f,f,g
3901,x,f,g
3902,x,y,y
3903,f,y,g
3904,x,f,y
3905,x,f,w
3906,x,y,y
3907,x,y,y
3908,x,f,y
3909,f,f,y
3910,f,f,y
3911,f,y,g
3912,x,y,g
3913,f,f,y
3914,f,f,y
3915,x,f,g
3916,f,y,n
3917,f,y,e
3918,x,y,y
3919,f,y,g
3920,f,y,g
3921,f,y,e
3922,f,y,g
3923,f,f,e
3924,f,f,g
3925,f,f,g
3926,x,f,g
3927,x,y,y
3928,f,f,y
3929,f,y,e
3930,x,f,y
3931,f,y,g
3932,f,f,y
3933,f,y,y
3934,x,y,g
3935,f,f,y
3936,x,s,p
3937,x,y,y
3938,f,f,e
3939,f,y,e
3940,x,f,p
3941,x,f,y
3942,f,y,g
3943,x,y,g
3944,f,f,e
3945,f,y,g
3946,f,y,g
3947,x,f,y
3948,f,y,g
3949,f,f,e
3950,x,y,y
3951,f,f,y
3952,x,y,y
3953,f,f,g
3954,x,s,p
3955,x,f,g
3956,x,y,g
3957,x,y,y
3958,f,f,g
3959,f,y,g
3960,x,s,g
3961,x,y,y
3962,f,f,g
3963,f,f,y
3964,x,y,g
3965,f,f,y
3966,x,y,g
3967,f,y,g
3968,f,y,y
3969,x,f,y
3970,x,s,w
3971,x,y,g
3972,x,f,g
3973,f,y,n
3974,f,f,g
3975,x,f,y
3976,x,s,p
3977,f,f,g
3978,x,f,g
3979,x,s,w
3980,f,f,e
3981,f,y,g
3982,x,f,p
3983,f,s,w
3984,x,y,y
3985,x,y,b
3986,f,f,g
3987,x,f,g
3988,x,f,y
3989,f,f,y
3990,f,f,g
3991,x,f,y
3992,x,y,g
3993,f,f,g
3994,x,f,g
3995,x,f,g
3996,x,y,g
3997,x,s,g
3998,x,y,g
3999,f,y,g
4000,f,f,y
4001,f,f,e
4002,f,y,g
4003,f,y,n
4004,f,f,e
4005,x,y,g
4006,x,y,g
4007,f,f,e
4008,f,f,g
4009,f,f,g
4010,f,y,e
4011,f,y,e
4012,f,f,g
4013,x,f,e
4014,f,y,g
4015,x,y,y
4016,f,y,y
4017,x,f,y
4018,x,y,y
4019,x,f,g
4020,x,y,g
4021,f,y,g
4022,f,f,y
4023,x,y,g
4024,x,y,e
4025,x,y,g
4026,x,y,g
4027,x,s,g
4028,f,f,g
4029,f,s,b
4030,x,y,g
4031,x,y,y
4032,x,s,w
4033,x,y,y
4034,f,f,e
4035,x,y,g
4036,x,f,y
4037,x,f,y
4038,f,f,g
4039,x,f,y
4040,f,f,g
4041,x,f,g
4042,f,y,n
4043,f,y,g
4044,f,f,g
4045,f,f,g
4046,x,s,w
4047,x,y,g
4048,f,y,n
4049,x,f,w
4050,x,f,y
4051,x,f,y
4052,x,f,p
4053,f,f,y
4054,f,f,g
4055,f,y,e
4056,x,y,y
4057,f,f,y
4058,x,f,g
4059,x,s,p
4060,x,f,e
4061,x,y,y
4062,f,f,n
4063,f,y,e
4064,f,y,y
4065,x,f,y
4066,x,y,g
4067,f,f,g
4068,f,f,y
4069,f,y,g
4070,x,y,g
4071,x,y,y
4072,f,f,g
4073,f,f,y
4074,f,f,e
4075,f,y,n
4076,x,f,y
4077,f,y,u
4078,f,y,n
4079,f,y,y
4080,f,f,y
4081,x,y,g
4082,x,y,g
4083,f,f,y
4084,x,y,y
4085,x,f,y
4086,x,y,g
4087,x,f,y
4088,x,f,g
4089,f,y,g
4090,f,y,e
4091,x,f,g
4092,f,f,y
4093,f,y,n
4094,f,f,g
4095,f,y,g
4096,x,f,e
4097,f,f,e
4098,f,y,y
4099,x,f,w
4100,x,y,g
4101,x,y,e
4102,x,f,y
4103,f,y,g
4104,f,y,g
4105,x,y,n
4106,f,y,e
4107,b,s,b
4108,f,f,g
4109,f,f,g
4110,f,y,g
4111,f,f,y
4112,f,f,y
4113,f,f,g
4114,f,f,e
4115,x,f,g
4116,f,f,y
4117,x,f,y
4118,x,f,y
4119,f,f,y
4120,f,f,y
4121,x,y,g
4122,f,y,e
4123,f,f,g
4124,f,f,y
4125,f,f,n
4126,x,y,y
4127,x,y,y
4128,f,y,n
4129,f,y,g
4130,f,f,e
4131,x,y,y
4132,f,y,g
4133,x,y,y
4134,x,s,g
4135,f,f,g
4136,f,y,g
4137,x,f,g
4138,f,y,g
4139,f,y,n
4140,x,y,y
4141,f,f,g
4142,f,y,e
4143,f,y,e
4144,f,s,g
4145,x,f,g
4146,f,y,g
4147,x,y,g
4148,x,f,y
4149,f,y,g
4150,f,y,g
4151,f,y,e
4152,x,y,g
4153,f,y,g
4154,x,y,g
4155,f,f,e
4156,f,y,e
4157,f,y,e
4158,f,f,y
4159,f,f,g
4160,f,y,n
4161,x,y,g
4162,f,f,g
4163,x,f,y
4164,x,y,y
4165,x,y,y
4166,f,f,c
4167,x,f,g
4168,f,f,g
4169,x,y,g
4170,f,y,g
4171,x,s,b
4172,f,f,g
4173,x,y,g
4174,f,f,y
4175,f,f,g
4176,f,f,g
4177,f,f,g
4178,x,f,y
4179,x,f,y
4180,f,y,e
4181,f,y,g
4182,f,f,g
4183,x,y,y
4184,f,f,g
4185,x,f,g
4186,x,f,g
4187,f,y,n
4188,f,f,g
4189,x,y,g
4190,f,y,y
4191,f,f,y
4192,f,f,g
4193,f,f,g
4194,f,y,g
4195,f,s,b
4196,f,f,e
4197,x,y,n
4198,x,y,g
4199,x,f,g
4200,x,f,p
4201,x,y,n
4202,f,f,g
4203,x,f,y
4204,x,s,g
4205,f,y,g
4206,x,f,y
4207,f,y,g
4208,f,f,g
4209,f,y,g
4210,x,y,g
4211,f,f,g
4212,x,f,y
4213,f,f,y
4214,x,f,y
4215,x,f,y
4216,x,y,y
4217,f,s,g
4218,x,f,y
4219,f,f,y
4220,f,y,g
4221,f,f,y
4222,f,f,y
4223,x,y,g
4224,x,y,g
4225,f,y,e
4226,f,f,y
4227,f,f,g
4228,f,y,g
4229,x,f,y
4230,x,f,y
4231,x,f,g
4232,x,y,y
4233,f,s,w
4234,f,f,y
4235,f,f,y
4236,f,y,g
4237,f,f,y
4238,f,f,y
4239,f,f,g
4240,x,y,g
4241,x,f,y
4242,f,f,g
4243,x,f,y
4244,f,y,g
4245,x,y,y
4246,x,s,w
4247,f,f,g
4248,x,s,b
4249,f,y,g
4250,x,y,g
4251,x,f,y
4252,x,f,y
4253,x,y,y
4254,f,y,g
4255,f,y,y
4256,x,y,g
4257,f,f,y
4258,f,y,y
4259,f,f,y
4260,x,y,g
4261,f,f,g
4262,x,y,g
4263,x,f,p
4264,x,y,y
4265,x,f,y
4266,f,f,y
4267,x,y,g
4268,f,f,g
4269,x,y,g
4270,x,f,y
4271,x,f,y
4272,x,y,g
4273,x,y,y
4274,f,y,g
4275,f,y,g
4276,x,f,y
4277,k,y,n
4278,f,f,g
4279,x,y,y
4280,f,f,y
4281,x,y,g
4282,x,f,g
4283,f,f,y
4284,f,s,p
4285,f,f,y
4286,x,f,y
4287,x,y,g
4288,f,y,g
4289,x,f,y
4290,f,y,g
4291,f,y,g
4292,k,s,p
4293,x,f,y
4294,f,f,y
4295,f,f,g
4296,f,f,g
4297,x,f,y
4298,f,f,g
4299,x,y,g
4300,f,y,y
4301,f,f,g
4302,x,f,y
4303,f,f,g
4304,f,f,g
4305,f,f,y
4306,f,y,g
4307,f,y,g
4308,f,y,g
4309,f,y,g
4310,x,y,y
4311,x,y,g
4312,x,y,y
4313,f,f,y
4314,x,f,y
4315,x,y,y
4316,f,f,g
4317,x,f,y
4318,f,f,g
4319,f,y,g
4320,f,f,g
4321,f,y,y
4322,f,f,g
4323,x,f,y
4324,f,y,g
4325,f,y,g
4326,f,y,g
4327,x,y,r
4328,f,y,y
4329,x,f,y
4330,x,y,n
4331,f,y,y
4332,k,y,n
4333,f,f,y
4334,x,y,g
4335,x,y,g
4336,f,y,g
4337,x,f,y
4338,x,f,g
4339,x,y,g
4340,x,y,g
4341,x,y,g
4342,f,y,e
4343,f,f,y
4344,x,y,y
4345,f,f,y
4346,x,f,y
4347,f,f,g
4348,f,f,g
4349,x,y,y
4350,f,s,b
4351,x,y,g
4352,x,y,y
4353,f,f,g
4354,f,y,g
4355,f,f,y
4356,f,y,g
4357,x,y,g
4358,x,s,e
4359,f,f,g
4360,f,f,y
4361,f,y,g
4362,x,y,y
4363,f,y,g
4364,x,f,y
4365,b,y,w
4366,f,s,b
4367,x,y,y
4368,f,y,g
4369,f,y,g
4370,f,y,y
4371,f,f,g
4372,x,y,y
4373,x,f,y
4374,f,f,g
4375,x,s,w
4376,f,y,g
4377,x,y,n
4378,f,y,g
4379,f,f,g
4380,f,y,e
4381,x,y,b
4382,x,y,y
4383,x,y,y
4384,x,y,y
4385,x,y,y
4386,f,f,y
4387,f,y,g
4388,x,f,g
4389,f,y,y
4390,x,y,g
4391,x,y,y
4392,f,y,g
4393,f,y,y
4394,x,y,g
4395,f,y,g
4396,f,y,g
4397,x,y,u
4398,x,f,g
4399,f,f,y
4400,f,f,y
4401,x,f,y
4402,f,f,y
4403,f,f,g
4404,f,y,g
4405,f,f,g
4406,f,f,y
4407,f,y,y
4408,f,f,g
4409,f,y,g
4410,f,f,y
4411,f,f,e
4412,f,s,b
4413,f,y,g
4414,f,f,g
4415,x,y,y
4416,f,f,y
4417,f,y,y
4418,f,y,n
4419,f,y,y
4420,x,s,b
4421,x,y,y
4422,x,f,y
4423,x,y,y
4424,f,y,g
4425,f,f,e
4426,f,f,y
4427,f,f,y
4428,x,y,y
4429,x,f,y
4430,x,y,n
4431,f,f,y
4432,x,y,y
4433,f,f,y
4434,f,f,y
4435,f,y,g
4436,f,y,g
4437,f,y,g
4438,f,f,g
4439,x,s,g
4440,x,y,y
4441,f,s,g
4442,x,y,g
4443,x,y,y
4444,x,y,y
4445,f,y,g
4446,f,f,g
4447,f,y,y
4448,f,y,g
4449,x,y,y
4450,x,y,g
4451,x,f,y
4452,f,y,n
4453,x,y,g
4454,f,f,y
4455,x,y,g
4456,x,y,y
4457,f,f,g
4458,f,f,g
4459,x,y,y
4460,k,y,b
4461,x,y,y
4462,x,y,n
4463,f,y,g
4464,x,y,g
4465,f,y,y
4466,f,y,g
4467,f,f,g
4468,f,y,y
4469,x,f,y
4470,x,s,w
4471,x,y,y
4472,f,f,y
4473,x,f,y
4474,x,y,y
4475,f,y,y
4476,x,y,y
4477,x,y,y
4478,f,y,g
4479,f,f,y
4480,f,f,g
4481,f,y,n
4482,x,y,y
4483,x,y,g
4484,f,y,g
4485,f,y,g
4486,x,y,y
4487,f,f,g
4488,x,y,g
4489,x,y,y
4490,x,f,y
4491,f,f,y
4492,f,f,c
4493,f,y,g
4494,x,y,g
4495,f,f,y
4496,f,f,y
4497,x,s,g
4498,f,s,n
4499,x,y,n
4500,x,s,g
4501,x,f,y
4502,f,y,g
4503,f,y,g
4504,x,y,y
4505,x,y,y
4506,x,y,g
4507,f,y,g
4508,f,y,g
4509,f,f,y
4510,x,f,y
4511,f,f,y
4512,f,f,g
4513,f,f,y
4514,f,y,y
4515,f,f,y
4516,f,f,y
4517,x,y,g
4518,x,y,g
4519,x,y,g
4520,x,s,b
4521,f,f,g
4522,x,f,y
4523,x,y,n
4524,x,y,g
4525,f,y,g
4526,f,y,g
4527,f,f,y
4528,x,y,y
4529,x,f,y
4530,f,f,g
4531,x,y,g
4532,f,f,y
4533,x,f,y
4534,x,y,u
4535,f,y,b
4536,f,y,y
4537,x,y,y
4538,x,y,g
4539,f,f,g
4540,f,y,g
4541,f,f,g
4542,f,y,g
4543,x,f,y
4544,f,f,y
4545,f,f,g
4546,f,y,y
4547,f,y,y
4548,f,f,g
4549,f,s,b
4550,f,s,w
4551,x,y,y
4552,f,f,y
4553,f,y,g
4554,x,y,y
4555,x,f,y
4556,x,f,y
4557,f,f,g
4558,x,y,u
4559,x,y,g
4560,f,f,y
4561,x,y,y
4562,f,y,g
4563,x,y,y
4564,x,f,y
4565,x,y,y
4566,f,f,y
4567,x,y,g
4568,f,y,g
4569,f,y,g
4570,x,f,y
4571,f,f,e
4572,x,y,y
4573,f,f,g
4574,x,y,g
4575,f,y,g
4576,f,f,g
4577,f,f,g
4578,f,f,g
4579,f,y,g
4580,f,f,y
4581,x,f,y
4582,x,y,g
4583,x,y,g
4584,x,f,w
4585,f,f,g
4586,x,f,y
4587,f,y,g
4588,x,f,y
4589,f,y,g
4590,f,y,g
4591,f,f,y
4592,x,y,g
4593,f,y,y
4594,f,f,y
4595,x,f,y
4596,f,f,y
4597,x,y,y
4598,f,f,y
4599,x,f,y
4600,f,y,g
4601,f,f,g
4602,f,f,y
4603,f,f,g
4604,f,f,g
4605,f,f,y
4606,x,y,y
4607,x,y,y
4608,f,f,y
4609,x,y,y
4610,x,y,y
4611,x,y,n
4612,f,y,b
4613,x,f,y
4614,x,y,y
4615,f,y,g
4616,x,y,y
4617,f,y,g
4618,f,y,g
4619,f,f,g
4620,x,f,y
4621,f,f,y
4622,f,f,y
4623,f,y,g
4624,f,y,g
4625,f,f,g
4626,f,y,g
4627,f,f,g
4628,f,y,g
4629,x,f,g
4630,f,s,b
4631,f,f,e
4632,x,y,y
4633,x,y,g
4634,f,y,g
4635,f,f,g
4636,x,y,y
4637,x,y,y
4638,f,f,y
4639,x,f,y
4640,x,f,y
4641,x,y,g
4642,f,s,w
4643,x,y,g
4644,x,f,y
4645,f,y,g
4646,x,y,g
4647,x,f,y
4648,f,y,u
4649,f,f,y
4650,f,y,g
4651,x,y,y
4652,f,f,g
4653,f,y,n
4654,x,f,y
4655,f,f,g
4656,x,y,g
4657,f,f,y
4658,x,f,y
4659,x,y,y
4660,x,f,y
4661,f,y,g
4662,x,s,w
4663,f,y,e
4664,x,y,u
4665,x,y,y
4666,x,y,g
4667,x,f,y
4668,f,f,g
4669,x,y,g
4670,f,f,g
4671,f,f,y
4672,x,y,g
4673,f,y,g
4674,f,s,p
4675,f,f,g
4676,x,y,y
4677,x,y,g
4678,f,f,y
4679,x,f,y
4680,f,y,g
4681,f,y,y
4682,x,y,g
4683,x,y,g
4684,f,f,y
4685,f,f,g
4686,x,y,g
4687,f,f,y
4688,f,y,g
4689,x,y,g
4690,f,f,g
4691,x,y,g
4692,f,f,g
4693,x,y,y
4694,x,f,y
4695,x,y,g
4696,f,f,y
4697,f,y,n
4698,f,f,g
4699,x,y,y
4700,x,s,g
4701,f,y,y
4702,x,y,y
4703,x,f,w
4704,x,f,y
4705,f,s,b
4706,x,y,y
4707,x,y,g
4708,f,f,y
4709,f,s,p
4710,f,s,b
4711,x,y,g
4712,x,y,g
4713,x,y,g
4714,f,f,g
4715,f,f,g
4716,x,f,y
4717,f,f,y
4718,f,y,u
4719,x,f,y
4720,f,f,e
4721,f,f,y
4722,x,f,y
4723,x,y,n
4724,x,y,g
4725,x,f,y
4726,f,f,g
4727,x,y,g
4728,x,y,g
4729,x,f,y
4730,f,f,y
4731,f,y,g
4732,f,y,g
4733,f,y,n
4734,x,y,y
4735,f,f,e
4736,x,f,y
4737,x,y,g
4738,f,y,g
4739,x,f,y
4740,f,f,g
4741,f,f,g
4742,f,y,g
4743,f,y,g
4744,x,f,y
4745,x,y,y
4746,f,f,y
4747,x,y,g
4748,f,f,y
4749,f,y,g
4750,x,f,p
4751,f,f,y
4752,x,y,g
4753,x,y,y
4754,x,y,g
4755,f,y,y
4756,x,y,g
4757,x,f,y
4758,f,y,g
4759,f,y,g
4760,x,y,y
4761,f,f,y
4762,x,y,g
4763,x,y,y
4764,x,y,g
4765,x,y,g
4766,x,f,y
4767,x,y,g
4768,f,f,g
4769,f,f,g
4770,x,y,g
4771,x,f,y
4772,x,y,g
4773,f,f,g
4774,x,y,y
4775,x,f,y
4776,f,y,g
4777,f,f,g
4778,x,s,p
4779,f,f,y
4780,x,s,p
4781,x,f,y
4782,f,f,g
4783,x,f,y
4784,f,f,e
4785,x,y,y
4786,x,f,y
4787,f,y,g
4788,f,f,y
4789,f,y,n
4790,x,y,y
4791,f,f,g
4792,x,y,y
4793,f,f,y
4794,f,y,y
4795,f,y,g
4796,f,f,g
4797,x,y,y
4798,f,y,g
4799,x,y,y
4800,f,f,g
4801,x,s,g
4802,x,y,n
4803,f,s,g
4804,f,y,g
4805,f,y,y
4806,f,y,g
4807,f,y,e
4808,f,y,g
4809,x,f,y
4810,f,f,g
4811,x,y,y
4812,f,f,y
4813,f,y,n
4814,f,y,g
4815,k,f,n
4816,f,f,g
4817,f,f,y
4818,x,y,n
4819,f,f,g
4820,f,f,g
4821,f,s,w
4822,f,f,y
4823,x,y,g
4824,x,f,y
4825,x,y,e
4826,f,y,y
4827,b,f,y
4828,f,y,y
4829,x,s,g
4830,f,y,y
4831,f,f,y
4832,k,y,e
4833,f,f,y
4834,f,f,y
4835,k,y,n
4836,x,s,w
4837,x,f,y
4838,x,f,y
4839,x,f,y
4840,f,y,y
4841,b,s,b
4842,x,s,w
4843,f,y,e
4844,b,s,w
4845,f,y,p
4846,x,s,w
4847,k,y,n
4848,x,y,y
4849,f,s,b
4850,f,y,g
4851,x,y,y
4852,x,y,g
4853,x,f,y
4854,x,y,y
4855,x,y,y
4856,x,f,y
4857,x,y,g
4858,f,f,g
4859,k,s,e
4860,f,y,n
4861,f,s,b
4862,x,y,y
4863,f,f,g
4864,f,f,y
4865,f,y,g
4866,x,s,g
4867,f,f,g

4868,x,f,y
4869,f,f,y
4870,x,y,n
4871,f,f,g
4872,f,y,n
4873,f,y,e
4874,f,y,g
4875,x,y,y
4876,f,f,g
4877,f,f,e
4878,x,y,y
4879,f,f,y
4880,f,f,g
4881,f,y,y
4882,x,y,g
4883,b,y,w
4884,f,f,y
4885,x,y,n
4886,f,f,g
4887,x,y,y
4888,f,y,y
4889,f,y,p
4890,x,s,w
4891,f,y,g
4892,x,y,g
4893,x,f,y
4894,f,s,b
4895,x,f,g
4896,x,f,y
4897,f,y,g
4898,f,y,y
4899,x,y,r
4900,f,y,w
4901,x,f,y
4902,f,y,y
4903,f,y,y
4904,x,y,e
4905,x,y,e
4906,x,y,g
4907,x,y,y
4908,f,f,g
4909,x,y,g
4910,x,y,y
4911,f,f,y
4912,f,s,e
4913,f,f,y
4914,x,y,y
4915,f,s,g
4916,f,f,y
4917,x,y,y
4918,x,f,y
4919,x,s,g
4920,f,y,g
4921,f,f,g
4922,x,s,w
4923,f,y,g
4924,f,y,e
4925,x,f,y
4926,x,y,y
4927,k,s,b
4928,f,f,y
4929,f,f,y
4930,x,y,y
4931,x,f,n
4932,x,y,e
4933,x,y,g
4934,x,f,y
4935,f,s,g
4936,x,y,y
4937,f,y,g
4938,x,y,g
4939,x,y,n
4940,k,s,b
4941,f,f,y
4942,x,f,g
4943,f,y,g
4944,x,f,y
4945,f,y,y
4946,k,s,p
4947,f,y,n
4948,x,y,g
4949,x,f,y
4950,x,y,g
4951,f,s,b
4952,f,s,b
4953,f,s,w
4954,f,y,g
4955,x,f,y
4956,f,y,g
4957,f,y,y
4958,f,f,y
4959,x,s,b
4960,f,f,g
4961,x,y,g
4962,f,f,y
4963,f,y,y
4964,f,s,g
4965,f,s,b
4966,x,s,p
4967,k,s,n
4968,f,y,p
4969,f,y,g
4970,x,y,y
4971,f,f,g
4972,f,f,g
4973,x,f,y
4974,f,f,g
4975,f,y,g
4976,f,y,y
4977,f,f,y
4978,f,y,y
4979,x,y,y
4980,x,y,y
4981,f,y,g
4982,f,f,g
4983,x,y,y
4984,x,y,y
4985,f,y,u
4986,f,f,g
4987,x,y,n
4988,x,y,y
4989,x,y,y
4990,x,y,g
4991,f,f,y
4992,x,f,y
4993,x,y,g
4994,f,s,b
4995,f,f,g
4996,f,y,y
4997,x,s,n
4998,f,f,g
4999,x,y,g
5000,x,y,n
5001,f,f,y
5002,x,y,n
5003,b,s,b
5004,f,f,y
5005,f,y,g
5006,f,y,u
5007,x,f,y
5008,f,y,y
5009,f,f,y
5010,x,y,y
5011,x,y,e
5012,f,f,g
5013,x,y,y
5014,x,y,y
5015,f,y,g
5016,k,s,b
5017,f,y,y
5018,x,y,g
5019,x,f,y
5020,f,f,y
5021,f,s,w
5022,x,s,g
5023,f,y,y
5024,f,y,u
5025,x,f,y
5026,f,y,g
5027,x,f,y
5028,x,f,y
5029,x,s,g
5030,f,y,g
5031,f,f,y
5032,f,f,y
5033,x,y,g
5034,x,y,g
5035,x,y,g
5036,x,f,g
5037,x,y,y
5038,f,f,g
5039,f,f,y
5040,x,y,g
5041,f,f,y
5042,x,y,n
5043,x,f,y
5044,x,y,y
5045,f,s,b
5046,f,f,g
5047,f,y,y
5048,x,f,y
5049,f,f,g
5050,x,y,y
5051,x,y,g
5052,x,y,e
5053,k,y,b
5054,f,y,b
5055,x,y,g
5056,f,f,y
5057,x,y,g
5058,f,y,g
5059,x,s,b
5060,f,y,y
5061,x,s,w
5062,x,f,y
5063,x,y,g
5064,x,s,w
5065,f,s,b
5066,x,s,w
5067,f,f,y
5068,f,y,g
5069,x,f,y
5070,f,f,g
5071,x,y,w
5072,x,s,e
5073,x,y,g
5074,f,f,g
5075,x,y,n
5076,x,y,g
5077,f,f,g
5078,f,f,y
5079,f,f,y
5080,f,f,e
5081,x,y,y
5082,f,y,y
5083,f,f,g
5084,x,y,y
5085,x,f,y
5086,k,f,y
5087,f,f,y
5088,k,f,c
5089,f,f,g
5090,f,y,y
5091,x,y,g
5092,x,y,g
5093,f,f,y
5094,f,y,y
5095,x,f,y
5096,f,f,y
5097,x,y,y
5098,b,y,p
5099,k,y,p
5100,x,y,y
5101,x,f,y
5102,k,y,b
5103,f,y,y
5104,x,s,w
5105,x,y,n
5106,x,y,n
5107,x,y,e
5108,f,g,w
5109,x,s,g
5110,f,y,c
5111,x,y,g
5112,f,y,y
5113,f,y,y
5114,f,y,p
5115,x,s,b
5116,x,s,g
5117,x,y,e
5118,k,y,c
5119,x,s,w
5120,x,s,w
5121,f,s,b
5122,f,s,b
5123,k,y,c
5124,x,y,g
5125,f,s,w
5126,f,s,g
5127,c,g,w
5128,x,s,g
5129,b,g,w
5130,x,s,b
5131,f,s,w
5132,b,f,y
5133,x,y,n
5134,x,y,n
5135,k,s,n
5136,k,y,b
5137,f,s,w
5138,f,s,b
5139,f,y,y
5140,x,y,g
5141,f,s,b
5142,x,y,n
5143,x,y,e
5144,f,f,g
5145,x,s,e
5146,x,y,n
5147,x,f,y
5148,x,y,n
5149,f,f,n
5150,x,y,n
5151,x,s,b
5152,f,y,n
5153,f,y,y
5154,f,y,b
5155,x,y,n
5156,x,y,n
5157,x,s,b
5158,x,s,b
5159,f,y,y
5160,f,s,g
5161,x,y,n
5162,x,s,b
5163,f,f,n
5164,x,y,e
5165,f,s,b
5166,f,s,w
5167,k,y,e
5168,x,f,y
5169,x,f,n
5170,x,y,n
5171,x,y,g
5172,f,s,b
5173,f,s,b
5174,f,y,y
5175,f,y,y
5176,x,s,p
5177,f,s,p
5178,b,y,w
5179,x,y,c
5180,f,s,n
5181,x,s,b
5182,x,s,g
5183,f,y,y
5184,x,s,b
5185,x,s,w
5186,f,y,c
5187,x,y,e
5188,f,f,y
5189,x,y,w
5190,x,y,y
5191,f,y,p
5192,f,s,g
5193,x,y,n
5194,k,s,p
5195,x,y,n
5196,x,y,g
5197,f,s,b
5198,k,y,p
5199,x,f,y
5200,f,y,g
5201,f,f,g
5202,x,s,b
5203,x,y,n
5204,x,y,y
5205,f,f,y
5206,f,f,n
5207,k,s,b
5208,f,y,y
5209,x,y,e
5210,x,s,g
5211,f,s,n
5212,x,y,g
5213,x,y,n
5214,x,s,g
5215,x,s,g
5216,f,y,p
5217,k,y,b
5218,x,s,w
5219,x,y,n
5220,k,y,n
5221,f,y,y
5222,x,y,p
5223,f,s,g
5224,x,s,p
5225,b,y,n
5226,f,s,b
5227,x,y,n
5228,x,y,n
5229,x,s,b
5230,x,y,n
5231,k,y,p
5232,k,f,c
5233,x,y,y
5234,x,s,n
5235,f,f,g
5236,f,y,y
5237,f,s,g
5238,k,y,w
5239,k,f,n
5240,k,f,y
5241,f,s,w
5242,f,y,y
5243,f,y,y
5244,k,s,b
5245,f,y,y
5246,x,y,n
5247,x,y,y
5248,x,y,y
5249,b,y,w
5250,f,y,y
5251,x,s,w
5252,x,s,b
5253,k,y,b
5254,f,y,y
5255,x,s,b
5256,b,y,b
5257,x,s,w
5258,k,s,n
5259,f,s,g
5260,x,f,y
5261,f,s,g
5262,f,y,y
5263,k,y,n
5264,f,s,b
5265,f,s,e
5266,x,y,n
5267,x,y,n
5268,x,y,n
5269,x,s,w
5270,k,s,n
5271,f,y,g
5272,x,s,b
5273,f,s,w
5274,k,f,n
5275,x,y,n
5276,f,s,w
5277,x,s,g
5278,k,y,y
5279,f,s,w
5280,f,f,y
5281,k,y,p
5282,f,y,w
5283,f,s,b
5284,f,y,w
5285,x,y,r
5286,x,s,b
5287,f,s,g
5288,x,y,e
5289,f,y,y
5290,f,s,g
5291,f,s,b
5292,f,s,e
5293,x,y,e
5294,f,f,g
5295,f,y,y
5296,x,s,n
5297,f,s,g
5298,x,y,n
5299,f,s,w
5300,x,f,c
5301,f,s,g
5302,f,f,g
5303,x,y,r
5304,x,f,y
5305,x,y,n
5306,x,y,n
5307,f,y,e
5308,x,s,g
5309,k,y,n
5310,f,y,e
5311,x,y,n
5312,b,y,n
5313,x,y,n
5314,f,y,b
5315,x,s,w
5316,f,y,y
5317,f,y,n
5318,b,y,w
5319,x,y,n
5320,f,y,y
5321,x,s,b
5322,x,y,n
5323,x,s,g
5324,f,s,g
5325,x,y,n
5326,f,y,w
5327,x,y,n
5328,f,f,g
5329,x,y,e
5330,x,s,w
5331,f,y,g
5332,x,s,w
5333,k,y,y
5334,f,s,w
5335,f,s,g
5336,x,y,c
5337,x,s,w
5338,x,y,n
5339,f,y,p
5340,f,y,y
5341,x,s,p
5342,f,y,b
5343,x,f,y
5344,f,y,y
5345,f,f,n
5346,x,f,n
5347,x,y,n
5348,f,s,g
5349,x,s,b
5350,f,s,g
5351,x,s,b
5352,x,y,r
5353,f,y,y
5354,f,s,g
5355,x,y,n
5356,f,y,y
5357,f,s,w
5358,x,s,w
5359,f,y,g
5360,f,y,y
5361,x,y,n
5362,x,y,y
5363,f,s,n
5364,f,y,y
5365,f,s,g
5366,x,y,n
5367,f,y,y
5368,f,y,y
5369,f,s,w
5370,f,s,p
5371,f,y,y
5372,k,s,p
5373,x,s,b
5374,x,s,w
5375,x,s,w
5376,x,y,n
5377,b,y,p
5378,x,s,b
5379,x,y,p
5380,x,y,n
5381,x,y,y
5382,x,s,w
5383,f,y,b
5384,f,s,b
5385,x,f,c
5386,f,s,p
5387,x,y,n
5388,f,s,p
5389,f,s,g
5390,k,s,e
5391,k,y,e
5392,f,s,w
5393,k,s,b
5394,x,s,b
5395,b,y,y
5396,x,s,w
5397,x,f,y
5398,f,y,y
5399,b,f,n
5400,f,y,y
5401,f,y,y
5402,f,y,c
5403,x,y,e
5404,f,s,w
5405,x,y,n
5406,b,y,p
5407,f,y,y
5408,x,s,b
5409,f,y,y
5410,f,s,b
5411,f,s,b
5412,x,y,n
5413,f,y,y
5414,x,s,n
5415,f,y,y
5416,f,s,b
5417,f,s,e
5418,x,s,n
5419,f,s,w
5420,f,y,y
5421,f,s,p
5422,x,s,e
5423,f,y,y
5424,b,y,b
5425,f,s,b
5426,f,s,g
5427,x,s,b
5428,x,f,y
5429,f,s,w
5430,x,s,g
5431,f,y,r
5432,f,y,y
5433,x,y,n
5434,x,s,b
5435,x,f,c
5436,x,s,g
5437,x,y,u
5438,x,f,y
5439,f,f,g
5440,f,y,w
5441,x,y,n
5442,x,y,n
5443,x,y,g
5444,x,y,p
5445,f,s,g
5446,x,s,b
5447,x,y,n
5448,x,s,g
5449,x,y,n
5450,f,s,w
5451,x,s,g
5452,x,s,g
5453,f,y,y
5454,f,y,y
5455,f,y,g
5456,x,y,y
5457,x,s,g
5458,f,s,b
5459,f,s,w
5460,f,f,g
5461,f,s,b
5462,x,y,n
5463,x,s,w
5464,k,s,e
5465,f,y,b
5466,x,y,n
5467,k,y,n
5468,f,s,w
5469,f,s,w
5470,x,y,n
5471,x,s,w
5472,x,y,n
5473,b,s,p
5474,x,y,e
5475,f,y,g
5476,x,y,y
5477,x,y,g
5478,f,y,w
5479,f,s,g
5480,k,y,p
5481,x,s,w
5482,k,s,p
5483,f,s,w
5484,x,y,n
5485,x,f,y
5486,f,y,g
5487,x,y,g
5488,x,y,e
5489,f,y,y
5490,x,y,n
5491,x,s,b
5492,f,y,y
5493,k,y,e
5494,f,y,p
5495,f,y,w
5496,f,y,y
5497,f,y,y
5498,f,y,r
5499,x,s,w
5500,x,s,w
5501,x,s,b
5502,x,y,n
5503,k,y,e
5504,k,s,p
5505,x,y,b
5506,x,s,g
5507,f,y,y
5508,x,y,n
5509,c,y,w
5510,f,s,w
5511,f,s,g
5512,x,y,e
5513,x,s,g
5514,x,y,n
5515,x,y,p
5516,f,y,w
5517,f,y,y
5518,x,y,n
5519,x,f,y
5520,x,y,n
5521,x,s,g
5522,x,y,n
5523,k,f,n
5524,x,s,w
5525,f,y,y
5526,x,y,p
5527,b,y,b
5528,f,y,g
5529,f,y,r
5530,x,y,n
5531,x,y,n
5532,f,s,b
5533,f,y,y
5534,x,y,n
5535,f,y,n
5536,x,y,n
5537,f,y,e
5538,x,y,b
5539,x,s,n
5540,f,s,w
5541,x,y,b
5542,x,f,y
5543,f,y,y
5544,f,y,y
5545,k,y,e
5546,f,s,w
5547,k,y,c
5548,k,y,n
5549,b,s,p
5550,x,y,n
5551,x,s,b
5552,f,y,r
5553,x,s,b
5554,f,y,u
5555,x,y,n
5556,x,s,w
5557,x,s,e
5558,f,y,p
5559,x,y,n
5560,x,y,n
5561,x,s,w
5562,f,y,y
5563,x,y,n
5564,x,y,e
5565,x,s,w
5566,x,y,y
5567,f,s,b
5568,f,f,y
5569,x,s,g
5570,f,s,p
5571,x,y,n
5572,b,y,w
5573,f,y,y
5574,x,y,e
5575,x,s,b
5576,x,s,b
5577,x,y,n
5578,b,y,p
5579,x,y,c
5580,x,y,n
5581,x,s,w
5582,x,y,n
5583,f,y,n
5584,x,y,n
5585,f,s,g
5586,x,y,e
5587,x,y,r
5588,b,y,p
5589,x,s,p
5590,x,y,n
5591,x,y,n
5592,f,s,g
5593,f,y,y
5594,f,y,p
5595,x,y,n
5596,x,y,n
5597,f,s,b
5598,f,s,b
5599,x,y,c
5600,x,y,w
5601,x,y,n
5602,f,y,n
5603,x,y,n
5604,x,y,n
5605,k,y,p
5606,f,s,w
5607,x,y,n
5608,f,y,y
5609,k,y,n
5610,f,s,g
5611,f,s,w
5612,f,f,g
5613,f,s,n
5614,x,f,y
5615,x,y,n
5616,x,y,e
5617,f,y,y
5618,b,s,w
5619,x,s,b
5620,f,y,b
5621,x,f,c
5622,f,s,w
5623,k,s,p
5624,k,y,n
5625,x,y,b
5626,x,f,y
5627,f,s,g
5628,f,y,y
5629,x,y,e
5630,f,s,b
5631,x,y,n
5632,f,y,y
5633,f,f,g
5634,b,y,b
5635,x,y,e
5636,f,y,y
5637,f,f,y
5638,f,y,w
5639,k,s,e
5640,f,y,y
5641,k,s,n
5642,f,y,y
5643,f,y,g
5644,f,y,y
5645,x,y,e
5646,f,s,b
5647,f,s,w
5648,x,s,w
5649,f,y,g
5650,f,y,p
5651,f,y,y
5652,f,y,y
5653,k,s,e
5654,x,y,n
5655,x,y,y
5656,f,s,b
5657,x,y,g
5658,f,s,g
5659,x,s,w
5660,x,f,n
5661,f,s,b
5662,f,y,e
5663,f,y,y
5664,x,s,b
5665,k,f,n
5666,f,y,y
5667,k,y,c
5668,x,f,g
5669,x,y,n
5670,f,y,p
5671,x,s,b
5672,x,y,g
5673,f,y,y
5674,x,y,e
5675,f,y,r
5676,f,y,y
5677,x,s,g
5678,x,s,w
5679,f,s,b
5680,x,y,n
5681,f,f,y
5682,f,y,u
5683,x,y,n
5684,x,s,n
5685,x,s,w
5686,f,y,y
5687,f,s,b
5688,k,f,c
5689,x,s,g
5690,f,y,g
5691,x,y,e
5692,f,y,p
5693,k,y,p
5694,x,y,y
5695,x,y,n
5696,f,s,n
5697,f,y,y
5698,x,y,n
5699,f,s,n
5700,f,y,y
5701,f,y,y
5702,f,y,y
5703,f,f,c
5704,b,y,b
5705,k,y,e
5706,x,s,b
5707,x,s,g
5708,f,y,y
5709,x,s,g
5710,x,y,e
5711,f,s,w
5712,f,s,p
5713,f,s,b
5714,x,y,e
5715,f,y,w
5716,x,y,p
5717,x,s,b
5718,k,g,w
5719,f,s,g
5720,x,y,n
5721,k,s,e
5722,x,y,n
5723,x,y,n
5724,f,s,w
5725,f,s,e
5726,f,s,b
5727,b,s,w
5728,f,f,n
5729,f,s,g
5730,x,s,w
5731,f,y,y
5732,x,s,b
5733,f,y,n
5734,x,y,r
5735,k,s,b
5736,x,s,w
5737,x,y,n
5738,x,y,b
5739,f,y,w
5740,f,s,b
5741,x,s,g
5742,k,s,n
5743,f,s,g
5744,k,y,p
5745,f,y,b
5746,x,y,n
5747,f,y,y
5748,x,s,b
5749,k,f,c
5750,f,s,g
5751,f,s,w
5752,b,s,b
5753,b,s,p
5754,f,s,w
5755,x,y,n
5756,x,y,n
5757,x,y,g
5758,x,s,b
5759,x,y,n
5760,x,s,b
5761,f,s,p
5762,x,y,n
5763,x,s,w
5764,f,s,w
5765,f,y,r
5766,f,s,w
5767,f,s,w
5768,x,y,w
5769,x,y,n
5770,k,y,b
5771,x,y,n
5772,x,y,n
5773,x,s,b
5774,f,y,r
5775,b,s,p
5776,x,s,b
5777,f,y,c
5778,x,y,u
5779,x,s,b
5780,x,y,w
5781,x,y,n
5782,x,s,p
5783,f,s,p
5784,f,y,n
5785,f,y,y
5786,f,s,w
5787,x,y,g
5788,f,y,e
5789,f,s,b
5790,b,s,p
5791,x,y,n
5792,x,s,b
5793,x,y,y
5794,b,y,w
5795,f,y,n
5796,f,f,y
5797,f,y,y
5798,f,y,y
5799,x,s,g
5800,x,y,e
5801,x,y,y
5802,x,y,n
5803,f,s,w
5804,f,f,g
5805,f,f,n
5806,x,s,g
5807,f,s,b
5808,f,s,e
5809,x,s,b
5810,f,y,y
5811,x,y,n
5812,f,s,w
5813,f,s,g
5814,f,y,y
5815,f,f,c
5816,x,y,n
5817,k,y,e
5818,x,y,n
5819,f,s,w
5820,x,y,e
5821,x,s,n
5822,f,y,g
5823,x,s,w
5824,f,s,e
5825,f,y,y
5826,f,y,y
5827,f,y,e
5828,f,s,g
5829,k,s,n
5830,f,y,y
5831,x,s,w
5832,x,y,n
5833,f,y,y
5834,f,y,w
5835,x,y,n
5836,f,y,w
5837,x,y,w
5838,x,y,n
5839,f,s,g
5840,x,y,u
5841,f,s,w
5842,x,y,y
5843,f,s,g
5844,f,y,y
5845,x,f,y
5846,f,y,y
5847,x,s,g
5848,f,y,r
5849,f,s,w
5850,k,s,n
5851,x,y,n
5852,x,s,g
5853,f,y,y
5854,b,s,w
5855,x,y,n
5856,b,s,b
5857,f,f,y
5858,x,y,g
5859,x,y,e
5860,k,s,b
5861,x,y,n
5862,x,s,e
5863,f,s,b
5864,f,s,n
5865,x,y,e
5866,f,y,b
5867,x,s,g
5868,f,s,b
5869,x,y,n
5870,x,y,e
5871,f,y,y
5872,x,y,n
5873,x,y,n
5874,f,s,g
5875,x,y,p
5876,x,y,u
5877,f,y,y
5878,x,s,g
5879,x,y,n
5880,f,s,g
5881,x,s,b
5882,x,f,y
5883,b,s,w
5884,k,y,n
5885,x,y,e
5886,f,y,y
5887,x,y,b
5888,x,s,b
5889,f,s,g
5890,f,s,b
5891,f,y,y
5892,x,y,n
5893,f,s,w
5894,k,y,n
5895,x,s,e
5896,x,y,w
5897,f,s,b
5898,f,s,g
5899,f,s,e
5900,f,y,y
5901,x,y,n
5902,f,s,w
5903,f,y,g
5904,x,f,n
5905,f,y,y
5906,x,s,w
5907,x,s,b
5908,x,s,p
5909,x,s,g
5910,f,f,g
5911,x,s,w
5912,x,f,y
5913,f,s,w
5914,k,y,n
5915,x,y,p
5916,f,y,y
5917,f,y,b
5918,x,s,e
5919,x,s,g
5920,f,s,b
5921,f,y,y
5922,x,s,b
5923,f,s,w
5924,f,y,y
5925,f,y,y
5926,f,y,g
5927,f,f,g
5928,b,s,p
5929,x,y,n
5930,b,s,w
5931,x,y,n
5932,x,y,n
5933,x,y,n
5934,x,y,n
5935,f,s,b
5936,b,y,y
5937,x,s,g
5938,f,y,p
5939,k,s,p
5940,f,y,n
5941,b,y,p
5942,x,s,g
5943,x,s,g
5944,x,f,y
5945,x,y,n
5946,f,y,b
5947,x,s,b
5948,b,s,b
5949,f,y,w
5950,x,y,n
5951,x,f,y
5952,f,s,b
5953,f,y,y
5954,k,s,e
5955,f,f,y
5956,b,f,n
5957,x,y,n
5958,f,y,y
5959,x,y,y
5960,x,s,g
5961,x,y,n
5962,x,y,n
5963,f,y,n
5964,f,y,b
5965,k,f,n
5966,f,y,g
5967,x,y,n
5968,f,f,g
5969,f,f,g
5970,x,s,g
5971,x,y,r
5972,x,y,n
5973,f,s,p
5974,x,y,e
5975,f,s,b
5976,x,s,b
5977,k,s,e
5978,f,s,b
5979,x,f,n
5980,f,y,y
5981,f,y,w
5982,f,s,w
5983,f,s,p
5984,f,y,y
5985,f,s,g
5986,x,y,n
5987,f,y,y
5988,f,s,g
5989,f,s,w
5990,x,y,n
5991,f,f,y
5992,x,y,n
5993,b,y,b
5994,f,y,y
5995,x,y,e
5996,x,y,n
5997,k,y,b
5998,x,y,w
5999,f,s,b
6000,f,y,y
6001,x,y,e
6002,f,s,e
6003,x,y,e
6004,x,s,n
6005,f,y,n
6006,f,y,e
6007,k,y,n
6008,f,y,e
6009,x,s,e
6010,f,y,n
6011,f,y,e
6012,x,s,e
6013,x,s,n
6014,f,s,e
6015,f,s,e
6016,f,y,e
6017,f,y,n
6018,f,y,n
6019,x,y,e
6020,k,s,n
6021,x,s,n
6022,f,s,e
6023,f,y,e
6024,k,s,e
6025,f,y,e
6026,x,s,n
6027,f,s,e
6028,f,s,n
6029,f,y,e
6030,f,s,e
6031,f,s,n
6032,f,y,e
6033,x,s,e
6034,f,s,e
6035,x,s,n
6036,f,y,n
6037,x,y,e
6038,f,y,n
6039,b,s,n
6040,f,s,n
6041,x,s,n
6042,f,y,e
6043,f,y,n
6044,f,y,e
6045,f,s,n
6046,x,y,e
6047,x,s,n
6048,f,s,n
6049,f,y,e
6050,f,s,n
6051,f,s,n
6052,f,s,n
6053,f,y,e
6054,f,s,e
6055,x,y,e
6056,x,s,e
6057,f,s,e
6058,f,y,n
6059,x,y,e
6060,k,s,e
6061,k,s,n
6062,f,y,n
6063,x,s,e
6064,x,y,e
6065,f,y,e
6066,f,y,n
6067,f,s,e
6068,x,s,n
6069,x,f,w
6070,f,y,n
6071,x,s,n
6072,x,s,e
6073,f,s,n
6074,f,s,n
6075,x,y,e
6076,x,s,e
6077,f,s,n
6078,k,s,n
6079,f,y,n
6080,x,s,n
6081,f,y,e
6082,x,s,e
6083,f,s,n
6084,f,y,n
6085,k,y,n
6086,f,y,n
6087,f,s,n
6088,x,s,e
6089,f,s,n
6090,f,s,n
6091,f,s,e
6092,f,y,n
6093,f,s,n
6094,f,y,n
6095,f,s,e
6096,f,s,e
6097,x,y,e
6098,f,s,n
6099,x,y,e
6100,f,y,e
6101,x,s,n
6102,f,y,n
6103,f,y,e
6104,x,y,e
6105,f,y,n
6106,f,y,n
6107,x,y,e
6108,f,y,n
6109,f,s,n
6110,x,s,n
6111,f,y,e
6112,x,y,e
6113,x,s,e
6114,f,s,e
6115,f,y,e
6116,x,y,e
6117,x,y,e
6118,x,s,n
6119,x,s,e
6120,k,s,e
6121,x,s,c
6122,x,s,e
6123,f,s,n
6124,x,s,n
6125,f,y,n
6126,f,y,e
6127,f,s,e
6128,x,y,e
6129,x,s,e
6130,x,s,n
6131,x,y,e
6132,f,s,e
6133,f,s,n
6134,f,y,e
6135,x,y,e
6136,k,s,e
6137,f,y,n
6138,f,s,n
6139,x,s,e
6140,f,s,n
6141,f,s,e
6142,f,y,e
6143,b,f,w
6144,x,y,e
6145,x,y,e
6146,f,y,e
6147,f,y,e
6148,k,f,w
6149,x,s,n
6150,f,s,n
6151,x,s,n
6152,f,s,e
6153,x,s,n
6154,x,s,n
6155,x,s,e
6156,k,s,n
6157,x,y,e
6158,x,s,e
6159,x,y,e
6160,x,s,e
6161,x,s,e
6162,x,s,e
6163,x,s,e
6164,f,y,e
6165,x,s,n
6166,f,s,n
6167,x,s,e
6168,f,s,e
6169,x,s,n
6170,f,y,e
6171,x,s,n
6172,k,s,n
6173,f,s,e
6174,f,s,e
6175,f,y,e
6176,k,s,n
6177,f,y,n
6178,f,s,e
6179,x,y,e
6180,f,s,e
6181,f,y,e
6182,f,s,n
6183,f,s,n
6184,x,y,e
6185,x,y,e
6186,f,s,e
6187,k,y,e
6188,f,y,e
6189,k,y,n
6190,x,s,e
6191,x,y,e
6192,x,s,n
6193,f,y,n
6194,x,s,e
6195,b,s,g
6196,x,y,e
6197,x,s,e
6198,f,y,e
6199,x,s,e
6200,f,y,e
6201,f,y,e
6202,x,s,n
6203,f,y,n
6204,k,s,w
6205,f,y,e
6206,x,s,e
6207,f,y,n
6208,f,y,n
6209,x,s,e
6210,f,y,e
6211,f,y,e
6212,f,s,n
6213,x,y,e
6214,f,y,e
6215,b,f,g
6216,k,y,e
6217,x,y,e
6218,k,s,e
6219,x,s,n
6220,k,s,w
6221,f,s,e
6222,x,s,n
6223,k,s,e
6224,k,y,n
6225,k,y,e
6226,x,s,e
6227,f,s,e
6228,f,y,e
6229,x,y,e
6230,f,y,n
6231,x,y,e
6232,f,y,n
6233,x,y,e
6234,k,y,n
6235,f,s,e
6236,x,s,n
6237,f,y,n
6238,f,s,e
6239,x,s,e
6240,f,s,n
6241,f,y,n
6242,x,y,e
6243,x,s,e
6244,f,y,e
6245,f,s,e
6246,f,y,e
6247,x,s,n
6248,f,s,n
6249,x,s,n
6250,f,y,n
6251,k,y,n
6252,x,s,e
6253,f,y,n
6254,x,y,e
6255,f,y,e
6256,x,y,e
6257,f,y,e
6258,f,y,e
6259,f,s,e
6260,k,y,e
6261,x,s,e
6262,k,s,g
6263,x,s,n
6264,f,s,e
6265,f,s,n
6266,f,s,e
6267,f,y,n
6268,x,s,e
6269,x,s,e
6270,x,s,e
6271,x,s,e
6272,f,s,e
6273,x,s,e
6274,x,s,n
6275,f,s,n
6276,k,y,n
6277,x,y,e
6278,x,s,n
6279,x,s,e
6280,b,s,w
6281,f,s,e
6282,x,s,e
6283,x,y,e
6284,f,y,n
6285,f,s,e
6286,f,y,n
6287,f,y,e
6288,f,s,n
6289,x,y,e
6290,f,s,n
6291,x,s,n
6292,f,s,e
6293,x,s,n
6294,f,s,e
6295,x,y,e
6296,f,y,n
6297,x,y,e
6298,f,s,n
6299,f,s,n
6300,x,s,n
6301,f,s,e
6302,k,y,n
6303,x,y,e
6304,x,y,e
6305,k,s,n
6306,x,s,e
6307,x,s,e
6308,f,y,n
6309,f,s,e
6310,f,s,e
6311,f,s,n
6312,f,y,e
6313,f,y,e
6314,k,s,e
6315,x,s,n
6316,f,y,n
6317,f,s,e
6318,k,s,n
6319,f,y,n
6320,x,y,e
6321,x,y,e
6322,x,s,e
6323,f,y,n
6324,f,y,n
6325,f,y,e
6326,k,y,n
6327,x,s,n
6328,x,s,e
6329,x,s,n
6330,f,y,e
6331,k,y,e
6332,x,f,g
6333,f,y,e
6334,x,s,e
6335,x,s,e
6336,x,y,e
6337,f,y,n
6338,f,y,n
6339,x,s,n
6340,x,s,e
6341,f,y,e
6342,f,s,n
6343,f,y,n
6344,f,y,n
6345,x,y,e
6346,x,s,e
6347,f,s,n
6348,f,s,n
6349,x,s,e
6350,f,s,n
6351,f,s,n
6352,f,y,n
6353,x,s,n
6354,f,s,n
6355,f,s,n
6356,x,s,n
6357,f,y,n
6358,x,s,n
6359,x,s,n
6360,f,s,n
6361,f,y,n
6362,x,y,e
6363,f,s,e
6364,f,y,n
6365,f,s,e
6366,x,s,n
6367,k,f,w
6368,x,s,n
6369,f,s,n
6370,f,y,n
6371,f,s,n
6372,f,y,n
6373,f,y,n
6374,f,s,n
6375,f,y,e
6376,b,s,n
6377,f,s,e
6378,f,s,e
6379,x,s,e
6380,f,y,n
6381,f,y,e
6382,f,s,n
6383,f,y,e
6384,f,s,n
6385,k,y,n
6386,f,y,e
6387,f,s,e
6388,x,y,e
6389,f,s,n
6390,x,s,e
6391,k,y,n
6392,x,s,n
6393,x,y,e
6394,f,y,n
6395,f,s,e
6396,f,s,n
6397,x,s,w
6398,f,y,n
6399,f,s,n
6400,x,y,e
6401,f,s,e
6402,x,s,n
6403,x,y,e
6404,k,f,g
6405,f,s,e
6406,f,y,e
6407,b,f,w
6408,f,s,n
6409,x,y,e
6410,x,y,e
6411,f,s,n
6412,x,s,n
6413,f,s,e
6414,f,s,e
6415,f,s,e
6416,x,y,e
6417,f,y,n
6418,f,y,e
6419,x,s,e
6420,f,s,e
6421,f,y,e
6422,f,y,e
6423,x,s,e
6424,f,s,e
6425,x,s,n
6426,f,y,n
6427,f,y,e
6428,f,y,e
6429,x,s,n
6430,x,s,e
6431,x,y,e
6432,x,s,e
6433,x,y,e
6434,f,y,e
6435,x,s,n
6436,f,s,n
6437,x,y,e
6438,f,s,n
6439,f,y,e
6440,x,y,e
6441,x,s,n
6442,x,s,n
6443,x,s,n
6444,x,y,e
6445,f,s,n
6446,f,s,n
6447,k,y,e
6448,x,s,n
6449,f,y,n
6450,k,s,w
6451,f,s,e
6452,x,s,e
6453,f,y,n
6454,f,y,n
6455,f,y,e
6456,x,s,n
6457,f,y,n
6458,x,s,n
6459,k,y,n
6460,f,s,e
6461,f,y,e
6462,f,y,e
6463,f,y,e
6464,f,y,n
6465,f,y,n
6466,k,y,n
6467,k,y,n
6468,f,s,e
6469,x,s,e
6470,k,s,n
6471,x,s,e
6472,f,s,n
6473,x,s,e
6474,f,s,n
6475,x,s,n
6476,f,y,e
6477,x,s,n
6478,x,s,e
6479,x,s,e
6480,x,s,n
6481,x,y,e
6482,f,y,e
6483,f,s,e
6484,x,s,e
6485,f,y,e
6486,f,s,e
6487,f,s,e
6488,f,y,n
6489,f,s,n
6490,x,s,e
6491,f,y,n
6492,f,s,n
6493,f,y,n
6494,f,s,e
6495,f,y,e
6496,f,y,n
6497,f,s,e
6498,f,s,e
6499,f,y,n
6500,f,s,e
6501,f,s,n
6502,k,y,e
6503,f,y,e
6504,f,s,e
6505,f,y,e
6506,f,y,n
6507,f,y,e
6508,f,s,n
6509,x,y,e
6510,x,f,w
6511,x,s,e
6512,x,s,e
6513,f,y,n
6514,x,s,e
6515,x,s,n
6516,x,s,n
6517,x,s,n
6518,x,f,g
6519,f,y,e
6520,f,y,e
6521,x,y,e
6522,x,s,n
6523,k,s,e
6524,k,y,e
6525,f,y,e
6526,x,s,n
6527,f,s,n
6528,x,s,e
6529,f,y,n
6530,x,s,n
6531,k,f,w
6532,k,y,n
6533,f,s,e
6534,x,y,e
6535,x,s,n
6536,x,s,n
6537,f,y,e
6538,f,y,n
6539,x,y,e
6540,f,s,e
6541,x,s,e
6542,x,s,n
6543,f,y,n
6544,f,y,e
6545,f,y,n
6546,f,y,n
6547,f,s,n
6548,f,y,e
6549,f,y,e
6550,x,y,e
6551,k,s,e
6552,f,y,e
6553,f,y,n
6554,f,s,n
6555,f,s,e
6556,k,s,e
6557,f,y,e
6558,f,s,n
6559,x,s,n
6560,x,s,n
6561,k,s,n
6562,f,s,n
6563,f,s,n
6564,x,s,n
6565,f,s,n
6566,f,y,e
6567,f,y,e
6568,f,s,n
6569,x,s,e
6570,x,s,n
6571,x,s,e
6572,x,s,e
6573,f,y,e
6574,x,s,e
6575,k,s,e
6576,x,y,e
6577,f,s,n
6578,f,s,n
6579,x,s,n
6580,k,y,e
6581,x,s,e
6582,f,y,n
6583,f,y,e
6584,f,y,n
6585,f,s,n
6586,f,s,e
6587,k,y,n
6588,f,y,e
6589,f,s,e
6590,f,s,n
6591,x,s,n
6592,f,y,n
6593,f,y,e
6594,x,y,e
6595,f,s,e
6596,x,s,n
6597,f,s,n
6598,f,s,n
6599,f,s,e
6600,x,s,g
6601,k,y,n
6602,x,y,e
6603,x,s,n
6604,x,s,n
6605,f,y,e
6606,k,y,n
6607,x,s,e
6608,x,s,n
6609,k,y,n
6610,x,y,e
6611,k,s,n
6612,x,s,n
6613,x,y,e
6614,f,s,e
6615,f,s,n
6616,f,s,n
6617,f,s,e
6618,x,y,e
6619,x,s,e
6620,f,s,n
6621,f,y,e
6622,x,s,n
6623,x,s,e
6624,x,s,e
6625,f,s,e
6626,x,y,e
6627,x,s,n
6628,x,s,e
6629,x,s,e
6630,x,s,n
6631,x,s,n
6632,f,s,e
6633,f,y,e
6634,x,s,n
6635,x,s,e
6636,f,s,n
6637,x,s,n
6638,f,s,e
6639,k,y,n
6640,x,s,n
6641,f,y,n
6642,k,y,n
6643,f,s,e
6644,f,s,n
6645,x,s,e
6646,x,s,n
6647,f,y,n
6648,f,y,n
6649,x,s,e
6650,f,y,n
6651,x,y,e
6652,f,y,n
6653,f,y,e
6654,x,y,e
6655,f,s,e
6656,k,s,n
6657,x,y,e
6658,x,s,n
6659,f,s,e
6660,f,s,e
6661,b,f,g
6662,x,s,n
6663,k,s,n
6664,b,s,n
6665,f,s,n
6666,f,y,n
6667,x,y,e
6668,x,s,e
6669,k,y,c
6670,x,s,e
6671,f,s,n
6672,x,s,n
6673,x,y,e
6674,x,s,e
6675,f,s,e
6676,f,s,n
6677,f,s,n
6678,f,y,e
6679,x,s,e
6680,f,y,e
6681,f,y,n
6682,x,y,e
6683,f,y,e
6684,f,s,e
6685,f,s,e
6686,x,s,e
6687,x,s,e
6688,k,y,e
6689,x,y,e
6690,x,s,e
6691,x,s,n
6692,x,s,n
6693,f,s,n
6694,f,y,n
6695,x,s,e
6696,k,s,n
6697,f,s,n
6698,f,y,n
6699,f,y,e
6700,f,y,e
6701,f,y,n
6702,x,s,e
6703,f,y,n
6704,f,s,n
6705,f,s,e
6706,x,s,n
6707,f,y,e
6708,k,y,n
6709,f,s,n
6710,f,y,n
6711,f,s,e
6712,x,s,n
6713,f,s,e
6714,x,s,e
6715,f,y,e
6716,x,s,e
6717,f,s,e
6718,f,s,n
6719,x,s,n
6720,x,s,e
6721,f,s,e
6722,x,s,e
6723,x,s,n
6724,f,s,e
6725,x,y,e
6726,x,s,n
6727,x,y,e
6728,f,s,e
6729,x,s,e
6730,f,y,n
6731,x,s,e
6732,x,s,n
6733,f,s,e
6734,x,s,e
6735,f,s,n
6736,x,y,e
6737,f,y,e
6738,x,y,e
6739,k,y,n
6740,f,y,n
6741,x,y,e
6742,f,s,n
6743,x,s,e
6744,f,s,e
6745,x,f,g
6746,x,s,e
6747,f,s,n
6748,f,s,n
6749,x,s,e
6750,x,s,e
6751,x,s,e
6752,f,y,e
6753,b,f,g
6754,f,y,n
6755,f,y,e
6756,f,y,n
6757,f,s,n
6758,f,y,n
6759,x,y,e
6760,f,y,n
6761,x,s,n
6762,f,y,e
6763,k,f,g
6764,b,s,n
6765,f,s,n
6766,x,s,n
6767,f,y,n
6768,f,s,e
6769,f,y,n
6770,f,s,n
6771,f,y,e
6772,f,y,e
6773,f,s,n
6774,x,s,e
6775,x,f,w
6776,f,s,n
6777,x,s,e
6778,x,s,n
6779,x,s,n
6780,x,s,n
6781,k,y,n
6782,f,s,n
6783,x,y,e
6784,f,s,n
6785,f,s,n
6786,x,s,n
6787,x,s,n
6788,x,y,e
6789,f,s,e
6790,f,s,e
6791,f,y,n
6792,x,s,e
6793,f,s,e
6794,f,y,e
6795,f,y,e
6796,x,y,e
6797,f,y,n
6798,f,s,n
6799,f,s,n
6800,k,y,e
6801,f,s,e
6802,x,s,e
6803,x,y,e
6804,f,y,e
6805,x,y,e
6806,f,y,e
6807,f,y,n
6808,f,y,e
6809,x,y,e
6810,x,s,e
6811,f,s,e
6812,f,s,e
6813,x,s,e
6814,f,s,e
6815,f,s,e
6816,f,s,n
6817,f,y,e
6818,f,y,n
6819,k,s,e
6820,f,s,n
6821,f,y,n
6822,f,s,e
6823,f,y,e
6824,x,s,n
6825,k,y,n
6826,x,y,e
6827,x,s,e
6828,x,s,g
6829,k,y,n
6830,x,s,n
6831,f,s,n
6832,f,s,n
6833,x,s,e
6834,f,s,e
6835,f,y,e
6836,f,y,e
6837,f,s,n
6838,f,s,e
6839,x,s,n
6840,f,s,e
6841,x,s,e
6842,f,s,e
6843,f,y,e
6844,k,y,e
6845,f,s,n
6846,k,y,e
6847,f,s,e
6848,f,y,e
6849,f,s,e
6850,b,s,n
6851,x,s,n
6852,f,y,e
6853,f,y,n
6854,f,s,e
6855,f,y,n
6856,k,y,n
6857,x,s,e
6858,f,s,e
6859,k,y,n
6860,f,s,e
6861,k,s,w
6862,f,y,n
6863,f,y,n
6864,f,y,n
6865,f,s,n
6866,f,s,n
6867,f,y,e
6868,x,s,e
6869,f,y,n
6870,x,s,n
6871,x,s,e
6872,x,s,e
6873,f,y,e
6874,x,s,n
6875,x,s,e
6876,f,s,n
6877,x,s,n
6878,f,y,e
6879,x,s,n
6880,f,y,e
6881,f,s,e
6882,f,y,n
6883,f,y,n
6884,x,y,e
6885,k,f,g
6886,x,s,e
6887,k,y,n
6888,k,y,n
6889,x,y,e
6890,f,s,e
6891,f,s,n
6892,f,s,e
6893,x,s,e
6894,f,s,n
6895,f,y,e
6896,x,s,n
6897,x,y,e
6898,f,s,e
6899,x,s,n
6900,f,s,n
6901,x,s,n
6902,k,s,n
6903,f,s,n
6904,k,y,e
6905,x,y,c
6906,b,s,n
6907,k,s,g
6908,x,f,g
6909,x,s,n
6910,k,y,e
6911,x,s,n
6912,k,s,e
6913,b,y,y
6914,x,s,e
6915,b,s,g

6916,k,y,e
6917,k,s,e
6918,f,s,e
6919,f,y,n
6920,f,s,e
6921,k,f,g
6922,k,s,n
6923,k,s,e
6924,f,s,e
6925,b,f,g
6926,f,y,n
6927,f,s,n
6928,f,s,n
6929,x,y,p
6930,f,s,n
6931,k,y,e
6932,f,s,n
6933,b,s,w
6934,x,y,e
6935,f,y,e
6936,f,s,e
6937,k,y,n
6938,x,f,w
6939,b,s,w
6940,k,s,e
6941,f,y,n
6942,f,y,n
6943,k,s,n
6944,k,s,n
6945,f,y,n
6946,f,y,e
6947,x,s,e
6948,k,y,e
6949,x,s,n
6950,k,s,e
6951,k,y,n
6952,f,y,e
6953,x,f,w
6954,k,s,n
6955,f,s,n
6956,k,s,e
6957,k,s,e
6958,k,y,n
6959,k,f,w
6960,k,s,n
6961,k,y,n
6962,k,s,n
6963,k,s,e
6964,x,s,n
6965,x,y,e
6966,f,s,e
6967,k,y,n
6968,b,s,n
6969,f,s,n
6970,k,y,e
6971,x,s,n
6972,f,s,n
6973,k,s,n
6974,f,y,n
6975,x,s,n
6976,k,f,w
6977,f,y,e
6978,x,s,e
6979,x,s,n
6980,f,s,n
6981,k,s,n
6982,k,s,e
6983,k,s,e
6984,x,s,e
6985,b,s,n
6986,k,s,e
6987,x,s,n
6988,x,y,e
6989,f,s,e
6990,b,s,n
6991,k,s,g
6992,k,y,e
6993,k,y,e
6994,f,s,e
6995,k,s,n
6996,f,y,e
6997,k,y,e
6998,k,f,w
6999,x,s,g
7000,k,s,n
7001,k,y,e
7002,k,y,n
7003,k,s,e
7004,x,s,w
7005,k,s,w
7006,k,s,w
7007,k,s,e
7008,x,s,e
7009,k,s,g
7010,x,f,w
7011,k,y,e
7012,b,s,w
7013,k,s,e
7014,f,s,n
7015,f,y,n
7016,k,s,g
7017,x,s,w
7018,f,y,e
7019,x,s,e
7020,x,f,w
7021,k,f,w
7022,f,s,e
7023,f,s,g
7024,k,s,e
7025,x,s,n
7026,k,s,n
7027,x,s,n
7028,k,y,e
7029,x,s,e
7030,x,s,n
7031,k,s,e
7032,x,s,n
7033,k,f,w
7034,k,s,n
7035,k,y,c
7036,x,f,g
7037,x,s,n
7038,x,s,n
7039,k,y,e
7040,k,f,w
7041,x,f,g
7042,f,s,n
7043,k,y,n
7044,k,y,n
7045,f,y,n
7046,f,y,e
7047,k,f,g
7048,f,y,e
7049,f,y,n
7050,k,s,e
7051,k,s,g
7052,b,s,n
7053,k,y,n
7054,x,s,n
7055,b,s,n
7056,k,s,n
7057,k,s,n
7058,k,s,e
7059,f,s,e
7060,x,s,e
7061,x,s,e
7062,x,s,n
7063,k,y,n
7064,x,s,p
7065,f,s,e
7066,x,y,n
7067,k,s,n
7068,k,s,g
7069,k,s,n
7070,f,y,n
7071,k,s,n
7072,k,y,e
7073,f,y,e
7074,f,s,c
7075,f,y,n
7076,k,s,e
7077,x,s,e
7078,f,y,e
7079,x,s,n
7080,f,s,n
7081,f,s,e
7082,x,y,e
7083,x,y,e
7084,x,s,e
7085,k,s,e
7086,x,s,e
7087,b,f,g
7088,k,y,e
7089,k,s,e
7090,k,f,g
7091,f,s,n
7092,f,y,n
7093,k,s,e
7094,f,s,n
7095,k,y,n
7096,k,s,e
7097,k,y,n
7098,k,y,n
7099,x,f,g
7100,k,y,e
7101,x,y,c
7102,k,y,e
7103,k,y,e
7104,b,s,w
7105,k,s,n
7106,x,s,e
7107,f,y,n
7108,f,s,e
7109,k,y,e
7110,k,y,e
7111,b,f,w
7112,k,y,n
7113,f,y,e
7114,k,s,n
7115,k,y,n
7116,x,s,e
7117,x,y,g
7118,f,s,n
7119,k,y,e
7120,k,f,w
7121,x,s,n
7122,k,y,n
7123,x,s,e
7124,k,s,w
7125,f,y,n
7126,k,s,e
7127,k,s,e
7128,f,y,e
7129,f,s,n
7130,f,y,n
7131,k,y,e
7132,k,s,e
7133,k,s,e
7134,b,s,n
7135,k,s,g
7136,x,s,n
7137,x,f,g
7138,k,s,e
7139,f,y,e
7140,k,s,n
7141,k,s,n
7142,b,s,w
7143,f,s,n
7144,b,f,g
7145,x,s,n
7146,x,y,e
7147,f,y,c
7148,f,s,n
7149,x,y,e
7150,f,s,n
7151,f,y,e
7152,f,s,e
7153,x,s,e
7154,k,s,g
7155,x,s,e
7156,k,s,n
7157,k,y,e
7158,x,s,n
7159,b,s,g
7160,x,s,n
7161,f,s,e
7162,k,s,n
7163,b,s,g
7164,x,s,n
7165,f,y,e
7166,f,s,e
7167,f,y,n
7168,b,f,g
7169,f,s,e
7170,k,s,n
7171,k,s,g
7172,k,y,n
7173,x,s,e
7174,b,s,n
7175,k,y,n
7176,f,y,n
7177,x,s,n
7178,k,s,n
7179,k,s,n
7180,k,s,n
7181,k,s,n
7182,f,y,c
7183,f,s,n
7184,b,s,w
7185,k,s,e
7186,b,s,g
7187,k,y,e
7188,k,y,n
7189,x,s,n
7190,x,s,e
7191,x,s,n
7192,f,s,e
7193,f,y,e
7194,x,y,e
7195,k,s,e
7196,k,y,n
7197,f,s,e
7198,k,s,n
7199,f,y,n
7200,f,s,e
7201,k,f,g
7202,k,s,n
7203,b,f,w
7204,k,s,e
7205,x,s,g
7206,k,s,n
7207,k,s,e
7208,k,y,n
7209,k,f,g
7210,x,s,n
7211,k,y,n
7212,x,f,w
7213,k,y,e
7214,k,s,e
7215,k,s,e
7216,k,y,e
7217,k,y,n
7218,k,s,g
7219,k,y,n
7220,k,s,e
7221,x,s,g
7222,f,s,n
7223,k,s,g
7224,x,s,e
7225,k,s,n
7226,k,s,n
7227,x,s,g
7228,k,y,e
7229,f,s,n
7230,k,s,w
7231,f,y,e
7232,b,s,g
7233,f,y,n
7234,b,s,n
7235,b,s,g
7236,k,s,n
7237,b,s,g
7238,k,s,n
7239,k,y,n
7240,f,s,n
7241,k,s,e
7242,f,s,e
7243,k,s,n
7244,k,s,n
7245,b,s,n
7246,k,f,g
7247,b,s,n
7248,k,s,n
7249,k,y,e
7250,k,y,e
7251,k,s,n
7252,f,s,n
7253,k,s,e
7254,x,s,n
7255,k,s,n
7256,k,s,w
7257,k,y,e
7258,k,y,n
7259,k,f,g
7260,f,s,n
7261,x,s,g
7262,k,y,n
7263,f,s,e
7264,x,f,w
7265,k,y,n
7266,f,y,n
7267,b,f,g
7268,k,y,e
7269,x,y,e
7270,k,s,e
7271,k,f,g
7272,k,f,w
7273,k,y,e
7274,k,s,g
7275,k,s,n
7276,k,y,n
7277,k,s,w
7278,k,y,e
7279,b,s,w
7280,k,s,n
7281,x,s,w
7282,b,s,n
7283,k,s,n
7284,k,y,e
7285,x,f,w
7286,x,y,e
7287,k,s,e
7288,k,s,n
7289,k,y,n
7290,k,s,e
7291,k,s,n
7292,k,y,n
7293,f,y,n
7294,k,s,g
7295,f,y,e
7296,k,y,y
7297,k,y,e
7298,k,s,e
7299,k,y,e
7300,b,s,n
7301,x,s,g
7302,k,s,g
7303,f,y,e
7304,k,s,e
7305,k,y,e
7306,b,f,w
7307,f,s,n
7308,k,s,n
7309,k,s,e
7310,x,f,w
7311,k,y,e
7312,x,f,w
7313,k,y,e
7314,k,y,n
7315,x,s,g
7316,x,s,w
7317,k,y,n
7318,k,s,n
7319,k,s,e
7320,b,f,w
7321,f,s,n
7322,k,s,e
7323,k,s,n
7324,x,y,n
7325,k,y,n
7326,f,s,n
7327,x,y,e
7328,f,s,n
7329,b,s,w
7330,b,s,g
7331,k,y,e
7332,k,s,n
7333,k,s,e
7334,k,s,e
7335,b,f,w
7336,k,s,g
7337,f,y,e
7338,k,y,n
7339,k,y,n
7340,f,s,e
7341,x,s,n
7342,k,y,n
7343,k,y,c
7344,k,y,n
7345,k,s,w
7346,f,y,n
7347,b,f,g
7348,f,s,e
7349,k,s,e
7350,k,s,g
7351,x,s,g
7352,k,s,e
7353,k,s,n
7354,f,y,p
7355,b,s,w
7356,f,y,n
7357,f,s,e
7358,k,s,e
7359,k,f,g
7360,x,f,w
7361,x,s,c
7362,k,f,g
7363,k,s,e
7364,k,y,e
7365,k,s,n
7366,x,y,e
7367,k,s,n
7368,f,y,y
7369,x,y,c
7370,x,s,n
7371,x,y,p
7372,k,y,n
7373,k,s,g
7374,b,s,g
7375,k,s,e
7376,x,s,n
7377,b,s,n
7378,f,s,n
7379,k,s,g
7380,f,s,n
7381,k,s,n
7382,f,y,n
7383,k,y,e
7384,k,s,n
7385,k,s,e
7386,b,s,w
7387,k,y,n
7388,k,y,e
7389,k,s,n
7390,k,s,e
7391,b,s,w
7392,x,s,g
7393,k,s,n
7394,k,y,n
7395,k,s,n
7396,k,y,e
7397,k,s,e
7398,k,y,n
7399,b,s,g
7400,k,y,e
7401,b,f,w
7402,c,y,y
7403,x,s,n
7404,k,y,e
7405,x,s,g
7406,b,s,n
7407,k,y,e
7408,b,s,n
7409,k,y,e
7410,k,y,e
7411,k,s,e
7412,b,s,g
7413,k,s,n
7414,b,s,n
7415,x,s,n
7416,x,s,g
7417,x,f,g
7418,k,s,n
7419,k,f,g
7420,k,s,n
7421,k,y,e
7422,k,y,n
7423,f,s,p
7424,k,y,n
7425,k,y,e
7426,f,s,n
7427,k,y,e
7428,k,y,n
7429,k,y,n
7430,f,y,n
7431,k,s,e
7432,k,y,e
7433,x,s,n
7434,f,s,e
7435,k,s,g
7436,k,s,e
7437,k,s,e
7438,f,s,n
7439,k,s,n
7440,x,f,g
7441,k,s,n
7442,f,s,e
7443,k,s,n
7444,f,y,n
7445,x,f,g
7446,k,s,w
7447,b,s,n
7448,k,y,e
7449,k,y,e
7450,k,y,n
7451,x,f,g
7452,k,s,n
7453,k,y,e
7454,k,y,n
7455,f,y,n
7456,f,s,n
7457,f,y,e
7458,k,s,n
7459,k,s,n
7460,b,s,n
7461,x,f,g
7462,k,s,n
7463,k,y,n
7464,x,s,g
7465,k,y,n
7466,k,s,e
7467,k,y,e
7468,b,s,n
7469,b,s,g
7470,x,y,e
7471,k,s,n
7472,k,y,e
7473,k,y,e
7474,k,s,n
7475,k,y,e
7476,k,s,e
7477,x,s,e
7478,k,s,e
7479,k,s,n
7480,b,f,g
7481,k,y,n
7482,f,s,n
7483,k,s,n
7484,f,y,y
7485,k,s,n
7486,f,y,e
7487,x,f,g
7488,k,y,n
7489,k,s,n
7490,f,y,n
7491,f,s,n
7492,k,y,n
7493,f,y,n
7494,k,s,n
7495,f,y,e
7496,k,s,n
7497,x,y,e
7498,k,y,n
7499,x,s,w
7500,x,s,g
7501,x,f,w
7502,k,s,n
7503,k,s,e
7504,k,y,e
7505,k,s,e
7506,k,s,n
7507,k,y,n
7508,k,y,e
7509,k,s,n
7510,k,s,e
7511,f,s,n
7512,f,s,n
7513,k,s,n
7514,x,s,g
7515,x,f,w
7516,k,y,n
7517,x,s,n
7518,k,y,n
7519,k,y,n
7520,k,y,n
7521,k,y,e
7522,k,s,n
7523,b,s,n
7524,f,s,n
7525,b,s,w
7526,k,s,n
7527,x,s,n
7528,k,y,n
7529,b,f,g
7530,b,s,g
7531,x,s,n
7532,x,s,n
7533,x,s,w
7534,x,s,n
7535,k,s,g
7536,x,s,w
7537,f,y,c
7538,x,s,n
7539,k,s,e
7540,k,y,e
7541,x,s,w
7542,k,f,w
7543,b,f,g
7544,k,s,n
7545,k,y,n
7546,f,y,e
7547,k,s,e
7548,k,s,n
7549,f,s,p
7550,k,y,n
7551,b,s,w
7552,k,s,e
7553,k,s,w
7554,k,y,n
7555,k,s,n
7556,f,s,n
7557,k,s,n
7558,k,y,e
7559,x,s,n
7560,x,f,w
7561,x,f,g
7562,x,s,n
7563,k,s,n
7564,k,y,e
7565,x,s,w
7566,k,y,e
7567,x,f,g
7568,k,s,n
7569,f,y,n
7570,k,s,e
7571,k,s,n
7572,k,s,e
7573,k,s,n
7574,b,s,g
7575,k,y,n
7576,k,s,n
7577,k,f,g
7578,k,y,n
7579,k,s,e
7580,k,y,n
7581,k,s,e
7582,k,f,w
7583,k,y,e
7584,k,y,e
7585,b,f,w
7586,x,s,g
7587,b,s,g
7588,k,y,e
7589,k,s,n
7590,k,y,e
7591,b,s,w
7592,f,s,e
7593,k,s,n
7594,k,s,w
7595,k,y,e
7596,k,s,e
7597,k,s,n
7598,x,s,n
7599,k,s,n
7600,k,y,e
7601,b,y,y
7602,k,y,e
7603,x,s,n
7604,k,s,e
7605,k,f,g
7606,k,s,e
7607,k,s,e
7608,k,s,n
7609,k,y,n
7610,x,f,g
7611,b,s,w
7612,k,y,e
7613,b,s,n
7614,k,y,e
7615,k,s,e
7616,b,s,g
7617,k,s,e
7618,b,s,n
7619,f,s,n
7620,k,s,e
7621,k,s,n
7622,k,y,n
7623,b,f,g
7624,k,s,w
7625,k,s,n
7626,f,y,n
7627,x,s,w
7628,x,s,n
7629,k,s,n
7630,k,y,n
7631,k,s,n
7632,b,f,w
7633,x,s,w
7634,f,y,e
7635,k,y,e
7636,x,y,e
7637,f,s,n
7638,k,s,n
7639,x,s,n
7640,k,y,e
7641,b,s,w
7642,b,s,g
7643,k,f,g
7644,k,f,g
7645,x,f,w
7646,k,y,e
7647,f,y,e
7648,k,y,e
7649,f,s,n
7650,b,s,w
7651,k,s,w
7652,b,f,w
7653,f,s,n
7654,k,y,e
7655,k,s,n
7656,k,s,n
7657,f,y,n
7658,x,s,e
7659,f,s,n
7660,k,f,w
7661,k,s,n
7662,x,s,n
7663,b,f,g
7664,k,y,n
7665,b,s,n
7666,f,s,n
7667,k,y,e
7668,k,s,e
7669,k,y,n
7670,k,y,e
7671,k,y,n
7672,x,s,g
7673,k,y,n
7674,f,y,c
7675,b,s,n
7676,k,s,e
7677,k,s,n
7678,k,y,n
7679,b,f,g
7680,k,y,n
7681,b,f,w
7682,k,s,e
7683,x,s,w
7684,k,y,e
7685,k,y,e
7686,x,s,w
7687,k,y,e
7688,k,y,n
7689,k,s,n
7690,k,s,n
7691,k,s,e
7692,k,s,e
7693,k,s,n
7694,k,s,n
7695,k,s,e
7696,k,y,e
7697,k,y,e
7698,k,y,e
7699,k,f,w
7700,b,s,n
7701,k,s,e
7702,f,s,n
7703,f,y,n
7704,k,y,e
7705,f,s,g
7706,x,s,p
7707,c,y,y
7708,k,s,e
7709,k,y,e
7710,k,y,e
7711,b,s,n
7712,k,s,n
7713,x,s,w
7714,x,s,e
7715,x,y,c
7716,f,s,n
7717,k,s,n
7718,b,y,n
7719,f,s,n
7720,k,s,n
7721,b,s,g
7722,x,y,n
7723,f,s,n
7724,k,s,n
7725,b,f,w
7726,x,f,w
7727,k,s,n
7728,x,y,n
7729,k,y,e
7730,x,s,n
7731,k,s,e
7732,x,s,e
7733,k,s,n
7734,k,y,e
7735,k,y,n
7736,k,s,e
7737,b,f,g
7738,k,s,n
7739,k,y,n
7740,k,y,y
7741,k,s,w
7742,x,s,n
7743,k,s,n
7744,k,f,g
7745,k,f,w
7746,f,s,n
7747,x,s,w
7748,b,s,g
7749,x,f,w
7750,k,f,w
7751,k,s,n
7752,k,y,e
7753,k,f,g
7754,x,s,w
7755,k,s,n
7756,k,y,n
7757,k,y,n
7758,k,s,e
7759,k,s,e
7760,b,s,n
7761,k,s,e
7762,x,s,g
7763,x,s,n
7764,b,s,w
7765,k,s,e
7766,x,s,n
7767,k,s,n
7768,k,s,e
7769,k,y,e
7770,b,f,w
7771,k,y,n
7772,k,s,e
7773,b,s,g
7774,k,s,n
7775,x,s,n
7776,k,y,e
7777,x,s,w
7778,x,s,w
7779,k,y,n
7780,k,s,n
7781,k,s,e
7782,k,y,e
7783,b,s,n
7784,b,f,g
7785,k,s,e
7786,k,s,n
7787,f,y,n
7788,f,y,n
7789,f,s,n
7790,k,y,n
7791,k,s,w
7792,b,s,n
7793,k,y,n
7794,k,s,n
7795,k,s,e
7796,k,s,w
7797,k,y,e
7798,x,s,w
7799,k,y,e
7800,k,y,e
7801,k,y,n
7802,f,y,c
7803,x,s,n
7804,k,f,g
7805,k,s,e
7806,x,y,n
7807,f,y,e
7808,k,s,n
7809,k,s,n
7810,b,f,g
7811,b,f,w
7812,x,s,n
7813,k,y,n
7814,f,s,n
7815,x,s,w
7816,k,s,e
7817,k,s,e
7818,x,s,g
7819,b,s,g
7820,k,y,n
7821,k,y,e
7822,k,y,e
7823,k,y,n
7824,x,f,w
7825,k,y,e
7826,b,s,n
7827,k,y,n
7828,k,s,n
7829,b,s,n
7830,f,s,n
7831,k,s,g
7832,f,s,n
7833,k,y,e
7834,b,s,n
7835,k,s,n
7836,k,y,e
7837,f,s,n
7838,k,s,e
7839,b,f,g
7840,k,y,n
7841,f,s,n
7842,k,s,n
7843,x,s,g
7844,x,s,g
7845,k,s,n
7846,x,s,n
7847,k,y,e
7848,x,f,g
7849,k,s,n
7850,k,y,e
7851,k,y,n
7852,k,s,e
7853,k,y,n
7854,k,y,e
7855,x,s,w
7856,k,s,n
7857,k,s,e
7858,k,s,e
7859,x,f,g
7860,x,s,n
7861,b,s,w
7862,k,s,n
7863,k,y,n
7864,k,s,n
7865,x,y,e
7866,k,y,e
7867,x,s,n
7868,x,s,g
7869,k,s,e
7870,k,y,e
7871,k,s,w
7872,b,s,n
7873,k,s,w
7874,k,s,e
7875,k,y,n
7876,k,s,e
7877,k,s,n
7878,x,s,n
7879,k,s,n
7880,k,s,n
7881,k,s,n
7882,k,y,e
7883,x,f,w
7884,f,s,e
7885,k,s,n
7886,k,s,e
7887,f,s,n
7888,x,y,n
7889,k,y,n
7890,k,s,e
7891,b,s,w
7892,k,y,n
7893,k,s,n
7894,x,s,n
7895,x,s,g
7896,x,s,g
7897,f,y,n
7898,f,y,n
7899,f,y,g
7900,k,s,e
7901,x,f,w
7902,k,y,n
7903,k,s,n
7904,x,s,e
7905,x,f,g
7906,f,s,n
7907,x,y,e
7908,b,f,w
7909,k,s,e
7910,x,f,g
7911,f,y,n
7912,x,s,n
7913,b,s,g
7914,b,s,n
7915,k,s,e
7916,f,s,n
7917,x,f,g
7918,k,s,n
7919,x,f,w
7920,f,y,p
7921,k,y,e
7922,k,f,g
7923,k,s,n
7924,k,s,n
7925,k,s,n
7926,k,s,e
7927,k,y,n
7928,k,s,n
7929,k,y,n
7930,k,f,w
7931,k,y,e
7932,f,s,n
7933,k,s,e
7934,x,f,g
7935,k,y,e
7936,k,y,e
7937,k,s,n
7938,b,s,n
7939,k,s,w
7940,b,s,n
7941,f,y,g
7942,k,y,e
7943,x,y,e
7944,k,y,n
7945,k,s,n
7946,k,s,n
7947,x,y,c
7948,k,s,e
7949,k,y,n
7950,k,s,e
7951,k,y,n
7952,k,y,e
7953,f,s,c
7954,x,s,n
7955,b,f,w
7956,k,f,g
7957,f,s,n
7958,k,s,n
7959,k,f,w
7960,k,y,e
7961,b,f,w
7962,k,y,n
7963,k,y,e
7964,k,y,n
7965,x,s,n
7966,x,y,n
7967,b,s,w
7968,f,y,n
7969,k,s,n
7970,k,s,e
7971,x,s,n
7972,x,s,n
7973,b,s,w
7974,x,y,e
7975,b,f,w
7976,b,f,w
7977,b,f,w
7978,k,s,n
7979,k,y,e
7980,k,s,n
7981,k,s,e
7982,k,y,c
7983,k,s,n
7984,x,s,g
7985,f,s,n
7986,k,s,n
7987,b,y,n
7988,x,s,n
7989,b,s,n
7990,f,s,n
7991,k,y,n
7992,k,s,g
7993,k,y,n
7994,k,f,g
7995,x,s,n
7996,k,s,e
7997,f,s,n
7998,k,s,n
7999,k,y,n
8000,k,s,n
8001,b,s,n
8002,x,y,n
8003,x,s,w
8004,f,s,n
8005,f,s,n
8006,x,y,e
8007,k,y,e
8008,k,s,e
8009,k,s,e
8010,b,s,n
8011,x,s,n
8012,f,s,n
8013,k,s,n
8014,b,s,n
8015,k,s,g
8016,k,f,w
8017,k,s,e
8018,b,f,w
8019,x,s,w
8020,b,f,w
8021,k,y,n
8022,f,s,n
8023,f,y,e
8024,k,s,e
8025,k,y,n
8026,x,s,n
8027,f,s,n
8028,k,y,n
8029,k,s,n
8030,x,f,g
8031,k,s,w
8032,k,y,e
8033,x,s,n
8034,k,y,n
8035,k,s,n
8036,b,f,w
8037,k,s,n
8038,k,y,e
8039,x,y,g
8040,k,s,e
8041,b,s,n
8042,k,y,e
8043,x,s,n
8044,f,s,n
8045,f,s,n
8046,k,y,e
8047,b,f,g
8048,k,s,e
8049,k,s,n
8050,k,y,n
8051,k,s,n
8052,x,f,w
8053,f,s,n
8054,k,y,n
8055,x,s,n
8056,b,f,g
8057,b,s,n
8058,x,s,n
8059,k,s,e
8060,k,s,n
8061,k,s,n
8062,k,s,n
8063,k,y,n
8064,k,f,w
8065,k,y,e
8066,k,s,n
8067,k,s,e
8068,b,s,n
8069,f,s,n
8070,k,s,n
8071,k,y,e
8072,k,s,n
8073,k,y,e
8074,k,s,n
8075,b,f,g
8076,f,s,n
8077,b,s,n
8078,f,s,n
8079,b,f,g
8080,k,y,e
8081,k,s,n
8082,k,y,n
8083,k,s,e
8084,k,y,n
8085,b,f,g
8086,k,f,w
8087,k,s,n
8088,x,s,e
8089,k,s,n
8090,k,y,e
8091,k,s,n
8092,k,y,e
8093,k,y,e
8094,x,s,n
8095,b,s,g
8096,x,y,c
8097,k,f,w
8098,k,y,n
8099,k,s,e
8100,k,f,w
8101,f,s,n
8102,k,s,e
8103,x,s,n
8104,k,s,n
8105,k,s,n
8106,k,s,n
8107,k,s,n
8108,x,s,n
8109,k,y,e
8110,b,s,w
8111,x,s,n
8112,k,s,w
8113,k,s,n
8114,k,y,e
8115,f,y,c
8116,x,s,n
8117,k,y,n
8118,k,s,e
8119,k,y,n
8120,k,s,n
8121,x,s,n
8122,f,s,n
8123,k,y,n
8124,x,s,n
